time,phase,gpu_w,cpu_w,idle_s
09:27:24,B-normal,26,32.4,1,569
09:27:25,B-normal,26,36.3,1,570
09:27:26,B-normal,26,33.2,1,571
09:27:27,B-normal,25,32.7,1,572
09:27:28,B-normal,26,33,1,573
09:27:29,B-normal,26,32.7,1,574
09:27:30,B-normal,25,34.2,1,575
09:27:31,B-normal,26,35.6,1,576
09:27:32,B-normal,26,33.8,1,577
09:27:33,B-normal,26,34.6,1,578
09:27:34,B-normal,26,35,1,579
09:27:35,B-normal,27,33.6,1,580
09:27:37,B-normal,27,34,1,581
09:27:38,B-normal,27,33.4,1,582
09:27:39,B-normal,26,33.4,1,583
09:27:40,B-normal,27,35.2,1,584
09:27:41,B-normal,27,33.7,1,585
09:27:42,B-normal,26,34.5,1,586
09:27:43,B-normal,26,34.7,1,587
09:27:44,B-normal,26,33.3,1,588
09:27:45,B-normal,26,32.5,1,589
09:27:46,B-normal,26,33.2,1,590
09:27:47,B-normal,28,32.9,1,591
09:27:48,B-normal,26,33.9,1,592
09:27:49,B-normal,27,32.9,1,593
09:27:50,B-normal,27,33,1,594
09:27:51,B-normal,25,33.3,1,595
09:27:52,B-normal,26,33.9,1,596
09:27:53,B-normal,26,33.8,1,597
09:27:54,B-normal,26,33.6,1,598
09:27:55,B-normal,25,35,1,599
09:27:56,B-normal,26,35.9,1,600
09:27:57,B-normal,26,33,1,601
09:27:58,B-normal,25,33.3,1,602
09:27:59,B-normal,25,32.1,1,603
09:28:00,B-normal,26,32.8,1,604
09:28:01,B-normal,29,34.2,1,605
09:28:02,B-normal,29,34.8,1,606
09:28:03,B-normal,43,48,1,607
09:28:04,B-normal,14,41.2,1,608
09:28:05,B-normal,12,36.6,1,609
09:28:06,B-normal,12,35,1,610
09:28:07,B-normal,44,52.1,1,611
09:28:08,B-normal,31,37.1,1,612
09:28:09,B-normal,26,37.4,1,613
09:28:10,B-normal,26,33.8,1,614
09:28:11,B-normal,26,34.1,1,615
09:28:12,B-normal,26,33.5,1,616
09:28:13,B-normal,25,32.7,1,617
09:28:14,B-normal,26,33.3,1,618
09:28:15,B-normal,26,33.1,1,619
09:28:16,B-normal,26,34.1,1,620
09:28:17,B-normal,26,33.2,1,621
09:28:18,B-normal,26,33,1,623
09:28:19,B-normal,26,33.2,1,624
09:28:20,B-normal,26,33,1,625
09:28:21,B-normal,25,33.1,1,626
09:28:22,B-normal,15,39.8,1,627
09:28:23,B-normal,12,34,1,628
09:28:24,B-normal,12,33.2,1,629
09:28:25,B-normal,12,33.4,1,630
09:28:26,B-normal,7,34.2,1,631
09:28:27,B-normal,7,32.9,1,632
09:28:28,B-normal,5,33.8,1,633
09:28:29,B-normal,4,33.1,1,634
09:28:30,B-normal,4,32.8,1,635
09:28:31,B-normal,3,34,1,636
09:28:32,B-normal,3,33.9,1,637
09:28:33,B-normal,3,33.5,1,638
09:28:34,B-normal,6,33.4,1,639
09:28:35,B-normal,6,34.2,1,640
09:28:36,B-normal,3,32.9,1,641
09:28:37,B-normal,2,32.7,1,642
09:28:38,B-normal,2,34.3,1,643
09:28:39,B-normal,2,33.1,1,644
09:28:40,B-normal,2,32.4,1,645
09:28:41,B-normal,2,33.8,1,646
09:28:42,B-normal,2,33,1,647
09:28:43,B-normal,4,33.5,1,648
09:28:44,B-normal,2,33.3,1,649
09:28:46,B-normal,2,34.8,1,650
09:28:47,B-normal,2,33,1,651
09:28:48,B-normal,2,33.3,1,652
09:28:49,B-normal,2,33.1,1,653
09:28:50,B-normal,2,33.2,1,654
09:28:51,B-normal,2,33,1,655
09:28:52,B-normal,2,34.7,1,656
09:28:53,B-normal,2,32.9,1,657
09:28:54,B-normal,2,33.6,1,658
09:28:55,B-normal,2,33.6,1,659
09:28:56,B-normal,58,51.7,1,660
09:28:57,B-normal,13,37.6,1,661
09:28:58,B-normal,12,37.5,1,662
09:28:59,B-normal,19,42.3,1,663
09:29:00,B-normal,44,47,1,664
09:29:01,B-normal,30,35.3,1,665
09:29:02,B-normal,26,39.3,1,666
09:29:03,B-normal,26,32.8,1,667
09:29:04,B-normal,26,33,1,668
09:29:05,B-normal,25,32.9,1,669
09:29:06,B-normal,26,32.7,1,670
09:29:07,B-normal,25,34.2,1,671
09:29:08,B-normal,26,33.2,1,672
09:29:09,B-normal,25,34.2,1,673
09:29:10,B-normal,25,33.5,1,674
09:29:11,B-normal,26,34.1,1,675
09:29:12,B-normal,26,33.8,1,676
09:29:13,B-normal,26,33.2,1,677
09:29:14,B-normal,32,34.2,1,678
09:29:15,B-normal,2,35.9,1,679
09:29:16,B-normal,3,34.6,1,680
09:29:17,B-normal,3,34,1,681
09:29:18,B-normal,3,33,1,682
09:29:19,B-normal,4,33.2,1,683
09:29:20,B-normal,5,32.8,1,684
09:29:21,B-normal,8,33.3,1,685
09:29:22,B-normal,12,33.7,1,686
09:29:23,B-normal,1,32.8,1,687
09:29:24,B-normal,1,33,1,688
09:29:25,B-normal,11,34.5,1,689
09:29:26,B-normal,3,36.5,1,690
09:29:27,B-normal,1,33.7,1,691
09:29:28,B-normal,1,32.8,1,693
09:29:29,B-normal,1,33.1,1,694
09:29:30,B-normal,1,33,1,695
09:29:31,B-normal,1,33.5,1,696
09:29:32,B-normal,1,34.4,1,697
09:29:33,B-normal,1,33.5,1,698
09:29:34,B-normal,1,32.6,1,699
09:29:35,B-normal,11,33.5,1,700
09:29:36,B-normal,3,33.3,1,701
09:29:37,B-normal,48,48,1,702
09:29:38,B-normal,14,41.6,1,703
09:29:39,B-normal,17,35.2,1,704
09:29:40,B-normal,13,36.1,1,705
09:29:41,B-normal,13,50.6,1,706
09:29:42,B-normal,33,39.8,1,707
09:29:43,B-normal,25,38.7,1,708
09:29:44,B-normal,26,35.4,1,709
09:29:45,B-normal,25,33.1,1,710
09:29:46,B-normal,26,34.5,1,711
09:29:47,B-normal,25,44.2,1,712
09:29:48,B-normal,25,44.3,1,713
09:29:49,B-normal,25,44.6,1,714
09:29:50,B-normal,26,44.7,1,715
09:29:52,B-normal,26,45.6,1,716
09:29:53,B-normal,26,44.5,1,717
09:29:54,B-normal,26,44.6,1,718
09:29:55,B-normal,27,45.9,1,719
09:29:56,B-normal,4,47.3,1,720
09:29:57,B-normal,4,44.4,1,721
09:29:58,B-normal,3,44,1,722
09:29:59,B-normal,3,43.7,1,723
09:30:00,B-normal,3,44.9,1,724
09:30:01,B-normal,4,44,1,725
09:30:02,B-normal,5,46.7,1,726
09:30:03,B-normal,8,44.7,1,727
09:30:04,B-normal,13,44.5,1,728
09:30:05,B-normal,3,43.7,1,729
09:30:06,B-normal,3,44.5,1,730
09:30:07,B-normal,3,45.4,1,731
09:30:08,B-normal,2,45.1,1,732
09:30:09,B-normal,2,44.5,1,733
09:30:10,B-normal,2,43.5,1,734
09:30:11,B-normal,2,44.7,1,735
09:30:12,B-normal,2,45.4,1,736
09:30:13,B-normal,2,45.5,1,737
09:30:14,B-normal,2,43.7,1,738
09:30:15,B-normal,4,44,1,739
09:30:16,B-normal,2,44.3,1,740
09:30:17,B-normal,2,45.1,1,741
09:30:18,B-normal,2,43.6,1,742
09:30:19,B-normal,2,43.8,1,743
09:30:20,B-normal,2,44.5,1,744
09:30:21,B-normal,3,44.3,1,745
09:30:22,B-normal,4,44.8,1,746
09:30:23,B-normal,9,44.1,1,747
09:30:24,B-normal,14,44.3,1,749
09:30:25,B-normal,14,45.3,1,750
09:30:26,B-normal,3,47.8,1,751
09:30:27,B-normal,48,61.1,1,752
09:30:28,B-normal,14,47.5,1,753
09:30:29,B-normal,13,46,1,754
09:30:30,B-normal,13,55,1,755
09:30:31,B-normal,39,51.6,1,756
09:30:32,B-normal,25,47.3,1,757
09:30:33,B-normal,25,47.2,1,758
09:30:34,B-normal,26,44.3,1,759
09:30:35,B-normal,25,44.4,1,760
09:30:36,B-normal,25,44.2,1,761
09:30:37,B-normal,25,44.4,1,762
09:30:38,B-normal,25,44.2,1,763
09:30:39,B-normal,25,45.5,1,764
09:30:40,B-normal,25,44.1,1,765
09:30:41,B-normal,25,45.1,1,766
09:30:42,B-normal,25,44.4,1,767
09:30:43,B-normal,25,44.4,1,768
09:30:45,B-normal,26,45,1,769
09:30:46,B-normal,25,44.6,1,770
09:30:47,B-normal,25,43.1,1,771
09:30:48,B-normal,25,44,1,772
09:30:49,B-normal,25,44.3,1,773
09:30:50,B-normal,25,45.5,1,774
09:30:51,B-normal,25,44.2,1,775
09:30:52,B-normal,25,45.4,1,776
09:30:53,B-normal,25,44.1,1,777
09:30:54,B-normal,25,45.3,1,778
09:30:55,B-normal,27,46.1,1,779
09:30:56,B-normal,26,45.3,1,780
09:30:57,B-normal,25,46.1,1,781
09:30:58,B-normal,25,44.4,1,782
09:30:59,B-normal,25,43.8,1,783
09:31:00,B-normal,25,44.3,1,784
09:31:01,B-normal,26,43.8,1,785
09:31:02,B-normal,25,46.8,1,786
09:31:03,B-normal,25,44.7,1,787
09:31:04,B-normal,25,45.1,1,788
09:31:05,B-normal,25,45.1,1,789
09:31:06,B-normal,25,45.3,1,790
09:31:07,B-normal,13,56.2,1,791
09:31:08,B-normal,29,58.4,1,792
09:31:09,B-normal,12,58.1,1,793
09:31:10,B-normal,13,60.4,1,794
09:31:11,B-normal,32,72.7,1,795
09:31:12,B-normal,33,52.5,1,796
09:31:13,B-normal,25,50.9,1,797
09:31:14,B-normal,25,47.2,1,798
09:31:15,B-normal,25,46.3,1,799
09:31:16,B-normal,25,48.5,1,800
09:31:17,B-normal,25,47.6,1,801
09:31:18,B-normal,25,34.6,1,802
09:31:19,B-normal,25,33.9,1,804
09:31:20,B-normal,25,33.7,1,805
09:31:21,B-normal,25,33.2,1,806
09:31:22,B-normal,25,33.5,1,807
09:31:23,B-normal,25,34.3,1,808
09:31:24,B-normal,25,32.9,1,809
09:31:25,B-normal,26,35.4,1,810
09:31:26,B-normal,25,33.2,1,811
09:31:27,B-normal,26,35.9,1,812
09:31:28,B-normal,25,33,1,813
09:31:29,B-normal,26,32.9,1,814
09:31:30,B-normal,25,32.9,1,815
09:31:31,B-normal,25,33.2,1,816
09:31:32,B-normal,25,33.6,1,817
09:31:33,B-normal,25,33.3,1,818
09:31:34,B-normal,25,32.9,1,819
09:31:35,B-normal,26,37.5,1,820
09:31:36,B-normal,6,34.9,1,821
09:31:37,B-normal,6,33.9,1,822
09:31:38,B-normal,6,33.7,1,823
09:31:39,B-normal,7,34.2,1,824
09:31:40,B-normal,6,32.9,1,825
09:31:41,B-normal,7,39,1,826
09:31:42,B-normal,5,33.5,1,827
09:31:43,B-normal,7,33.8,1,828
09:31:44,B-normal,6,33.3,1,829
09:31:46,B-normal,9,34,1,830
09:31:47,B-normal,8,33.3,1,831
09:31:48,B-normal,8,33.8,1,832
09:31:49,B-normal,6,34.6,1,833
09:31:50,B-normal,2,34.6,1,834
09:31:51,B-normal,3,33.4,1,835
09:31:52,B-normal,3,35.9,1,836
09:31:53,B-normal,4,33.3,1,837
09:31:54,B-normal,8,33.3,1,838
09:31:55,B-normal,12,32.8,1,839
09:31:56,B-normal,5,33.4,1,840
09:31:57,B-normal,5,33.7,1,841
09:31:58,B-normal,12,33,1,842
09:31:59,B-normal,10,33,1,843
09:32:00,B-normal,7,33.2,1,844
09:32:01,B-normal,6,33.4,1,845
09:32:02,B-normal,5,33.7,1,846
09:32:03,B-normal,4,33.3,1,847
09:32:04,B-normal,3,34.5,1,848
09:32:05,B-normal,4,32.9,1,849
09:32:06,B-normal,4,34.4,1,850
09:32:07,B-normal,3,33,1,851
09:32:08,B-normal,3,33.6,1,852
09:32:09,B-normal,3,33.5,1,853
09:32:10,B-normal,2,33.3,1,854
09:32:11,B-normal,2,33.6,1,855
09:32:12,B-normal,6,34,1,856
09:32:13,B-normal,6,49.6,1,857
09:32:14,B-normal,14,38.6,1,858
09:32:15,B-normal,13,36.5,1,859
09:32:16,B-normal,12,36.6,1,860
09:32:17,B-normal,47,49.7,1,861
09:32:18,B-normal,33,35.1,1,862
09:32:19,B-normal,27,38.3,1,863
09:32:20,B-normal,26,32.8,1,864
09:32:21,B-normal,27,33.2,1,865
09:32:22,B-normal,25,33,1,866
09:32:23,B-normal,25,33.6,1,867
09:32:24,B-normal,25,32.8,1,869
09:32:45,A-keepalive,26,32.7,1,890
09:32:46,A-keepalive,26,34.2,1,891
09:32:48,A-keepalive,26,33.7,1,892
09:32:49,A-keepalive,26,34,1,893
09:32:50,A-keepalive,26,32.6,1,894
09:32:51,A-keepalive,26,32.9,1,895
09:32:52,A-keepalive,26,33,1,896
09:32:53,A-keepalive,26,34,1,897
09:32:54,A-keepalive,26,33.2,1,898
09:32:55,A-keepalive,26,33.7,1,899
09:32:56,A-keepalive,26,34.2,1,900
09:32:57,A-keepalive,26,33,1,901
09:32:58,A-keepalive,26,35.9,1,902
09:32:59,A-keepalive,26,32.6,1,903
09:33:00,A-keepalive,26,33.3,1,904
09:33:01,A-keepalive,26,32.8,1,905
09:33:02,A-keepalive,26,33,1,906
09:33:03,A-keepalive,26,33.9,1,907
09:33:04,A-keepalive,26,34.2,1,908
09:33:05,A-keepalive,26,32.9,1,909
09:33:06,A-keepalive,26,33.7,1,910
09:33:07,A-keepalive,26,32.1,1,911
09:33:08,A-keepalive,26,33.4,1,912
09:33:09,A-keepalive,26,32.7,1,913
09:33:10,A-keepalive,26,33.8,1,914
09:33:11,A-keepalive,26,33.4,1,915
09:33:12,A-keepalive,26,34.9,1,916
09:33:13,A-keepalive,26,34,1,917
09:33:14,A-keepalive,25,33.6,1,918
09:33:15,A-keepalive,26,34.1,1,919
09:33:16,A-keepalive,26,33.7,1,920
09:33:17,A-keepalive,26,33.1,1,921
09:33:18,A-keepalive,28,34.4,1,922
09:33:19,A-keepalive,28,33.2,1,923
09:33:20,A-keepalive,28,33.3,1,924
09:33:21,A-keepalive,26,32.8,1,925
09:33:22,A-keepalive,26,33.9,1,926
09:33:23,A-keepalive,26,36.9,1,927
09:33:24,A-keepalive,26,39.5,1,928
09:33:25,A-keepalive,26,32.7,1,929
09:33:26,A-keepalive,26,33.7,1,930
09:33:27,A-keepalive,26,33.1,1,931
09:33:28,A-keepalive,27,36.3,1,932
09:33:29,A-keepalive,27,33.5,1,933
09:33:30,A-keepalive,27,32.9,1,934
09:33:31,A-keepalive,27,34.8,1,935
09:33:32,A-keepalive,27,32.9,1,937
09:33:33,A-keepalive,27,34.1,1,938
09:33:34,A-keepalive,27,33,1,939
09:33:35,A-keepalive,26,33,1,940
09:33:36,A-keepalive,26,32.7,1,941
09:33:37,A-keepalive,26,33.2,1,942
09:33:38,A-keepalive,26,32.7,1,943
09:33:39,A-keepalive,26,33.2,1,944
09:33:40,A-keepalive,26,33.6,1,945
09:33:41,A-keepalive,26,33.5,1,946
09:33:42,A-keepalive,26,33.5,1,947
09:33:43,A-keepalive,26,34.2,1,948
09:33:44,A-keepalive,26,32.8,1,949
09:33:45,A-keepalive,26,33.2,1,950
09:33:46,A-keepalive,26,33,1,951
09:33:47,A-keepalive,26,33.3,1,952
09:33:48,A-keepalive,26,33,1,953
09:33:49,A-keepalive,26,33.1,1,954
09:33:50,A-keepalive,26,32.6,1,955
09:33:51,A-keepalive,26,33.5,1,956
09:33:52,A-keepalive,26,33.2,1,957
09:33:53,A-keepalive,26,34.9,1,958
09:33:54,A-keepalive,26,32.9,1,959
09:33:55,A-keepalive,26,33.3,1,960
09:33:56,A-keepalive,26,34.8,1,961
09:33:57,A-keepalive,26,34.8,1,962
09:33:58,A-keepalive,26,32.9,1,963
09:34:00,A-keepalive,26,32.7,1,964
09:34:01,A-keepalive,26,33.1,1,965
09:34:02,A-keepalive,26,34,1,966
09:34:03,A-keepalive,26,33.4,1,967
09:34:04,A-keepalive,26,43.7,1,968
09:34:05,A-keepalive,27,33.8,1,969
09:34:06,A-keepalive,26,33.2,1,970
09:34:07,A-keepalive,26,33.1,1,971
09:34:08,A-keepalive,26,33.8,1,972
09:34:09,A-keepalive,26,32.9,1,973
09:34:10,A-keepalive,26,33.2,1,974
09:34:11,A-keepalive,26,34.2,1,975
09:34:12,A-keepalive,26,33.4,1,976
09:34:13,A-keepalive,26,33.8,1,977
09:34:14,A-keepalive,26,33.3,1,978
09:34:15,A-keepalive,26,32.9,1,979
09:34:16,A-keepalive,26,33,1,980
09:34:17,A-keepalive,26,32.3,1,981
09:34:18,A-keepalive,26,32.9,1,982
09:34:19,A-keepalive,27,32.8,1,983
09:34:20,A-keepalive,26,33.1,1,984
09:34:21,A-keepalive,26,32.8,1,985
09:34:22,A-keepalive,26,34.1,1,986
09:34:23,A-keepalive,26,33.6,1,987
09:34:24,A-keepalive,26,33.2,1,988
09:34:25,A-keepalive,26,32.7,1,989
09:34:26,A-keepalive,26,33.7,1,990
09:34:27,A-keepalive,26,33,1,991
09:34:28,A-keepalive,26,34.9,1,992
09:34:29,A-keepalive,26,32.7,1,993
09:34:30,A-keepalive,26,34.2,1,994
09:34:31,A-keepalive,26,33.6,1,995
09:34:32,A-keepalive,26,33.4,1,996
09:34:33,A-keepalive,26,33.6,1,997
09:34:34,A-keepalive,26,32.9,1,998
09:34:35,A-keepalive,26,34,1,999
09:34:36,A-keepalive,26,33.9,2,000
09:34:37,A-keepalive,26,32.9,2,001
09:34:38,A-keepalive,26,32.8,2,002
09:34:39,A-keepalive,26,34,2,003
09:34:40,A-keepalive,26,33,2,004
09:34:41,A-keepalive,26,33.8,2,005
09:34:42,A-keepalive,26,33.2,2,006
09:34:43,A-keepalive,26,35.9,2,008
09:34:44,A-keepalive,26,33.9,2,009
09:34:45,A-keepalive,26,33.4,2,010
09:34:46,A-keepalive,26,32.8,2,011
09:34:47,A-keepalive,26,33.3,2,012
09:34:48,A-keepalive,26,32.9,2,013
09:34:49,A-keepalive,26,33.1,2,014
09:34:50,A-keepalive,27,32.8,2,015
09:34:51,A-keepalive,28,33.2,2,016
09:34:52,A-keepalive,26,32.6,2,017
09:34:53,A-keepalive,27,34.1,2,018
09:34:54,A-keepalive,27,33,2,019
09:34:55,A-keepalive,27,33.3,2,020
09:34:56,A-keepalive,27,33.3,2,021
09:34:57,A-keepalive,26,33.3,2,022
09:34:58,A-keepalive,26,34.1,2,023
09:34:59,A-keepalive,26,33.3,2,024
09:35:00,A-keepalive,26,32.5,2,025
09:35:01,A-keepalive,26,33.5,2,026
09:35:02,A-keepalive,26,32.9,2,027
09:35:03,A-keepalive,26,34.1,2,028
09:35:04,A-keepalive,26,33,2,029
09:35:05,A-keepalive,26,33.4,2,030
09:35:06,A-keepalive,26,32.9,2,031
09:35:07,A-keepalive,26,33.4,2,032
09:35:08,A-keepalive,26,32.8,2,033
09:35:09,A-keepalive,26,32.8,2,034
09:35:10,A-keepalive,26,33.5,2,035
09:35:12,A-keepalive,26,33.2,2,036
09:35:13,A-keepalive,26,41.1,2,037
09:35:14,A-keepalive,27,33.5,2,038
09:35:15,A-keepalive,26,32.9,2,039
09:35:16,A-keepalive,26,33.2,2,040
09:35:17,A-keepalive,26,32.8,2,041
09:35:18,A-keepalive,26,34.3,2,042
09:35:19,A-keepalive,26,32.6,2,043
09:35:20,A-keepalive,26,33.2,2,044
09:35:21,A-keepalive,26,32.9,2,045
09:35:22,A-keepalive,26,34.3,2,046
09:35:23,A-keepalive,26,33.7,2,047
09:35:24,A-keepalive,26,33.1,2,048
09:35:25,A-keepalive,27,33,2,049
09:35:26,A-keepalive,26,33.2,2,050
09:35:27,A-keepalive,26,33.8,2,051
09:35:28,A-keepalive,26,32.9,2,052
09:35:29,A-keepalive,26,35.3,2,053
09:35:30,A-keepalive,26,33.1,2,054
09:35:31,A-keepalive,26,32.8,2,055
09:35:32,A-keepalive,26,33,2,056
09:35:33,A-keepalive,26,33.6,2,057
09:35:34,A-keepalive,26,32.9,2,058
09:35:35,A-keepalive,26,32.9,2,059
09:35:36,A-keepalive,26,33.3,2,060
09:35:37,A-keepalive,28,32.8,2,061
09:35:38,A-keepalive,26,33.4,2,062
09:35:39,A-keepalive,26,33.1,2,063
09:35:40,A-keepalive,26,33.2,2,064
09:35:41,A-keepalive,26,33.4,2,065
09:35:42,A-keepalive,26,32.7,2,066
09:35:43,A-keepalive,26,33.7,2,067
09:35:44,A-keepalive,26,34.3,2,068
09:35:45,A-keepalive,26,33.6,2,069
09:35:46,A-keepalive,26,33.8,2,070
09:35:47,A-keepalive,26,33,2,071
09:35:48,A-keepalive,26,33,2,072
09:35:49,A-keepalive,26,33.3,2,073
09:35:50,A-keepalive,26,33,2,074
09:35:51,A-keepalive,26,33.3,2,075
09:35:52,A-keepalive,26,32.9,2,076
09:35:53,A-keepalive,26,34.2,2,077
09:35:54,A-keepalive,26,32.9,2,079
09:35:55,A-keepalive,26,33.2,2,080
09:35:56,A-keepalive,26,34.3,2,081
09:35:57,A-keepalive,26,33.4,2,082
09:35:58,A-keepalive,26,33.8,2,083
09:35:59,A-keepalive,26,34.6,2,084
09:36:00,A-keepalive,26,32.8,2,085
09:36:01,A-keepalive,26,33.2,2,086
09:36:02,A-keepalive,26,32.7,2,087
09:36:03,A-keepalive,26,34.2,2,088
09:36:04,A-keepalive,26,32.9,2,089
09:36:05,A-keepalive,28,33.2,2,090
09:36:06,A-keepalive,27,32.9,2,091
09:36:07,A-keepalive,27,33.4,2,092
09:36:08,A-keepalive,26,33.4,2,093
09:36:09,A-keepalive,26,33.2,2,094
09:36:10,A-keepalive,26,33.5,2,095
09:36:11,A-keepalive,26,33.9,2,096
09:36:12,A-keepalive,26,33.9,2,097
09:36:13,A-keepalive,27,34.1,2,098
09:36:14,A-keepalive,27,32.9,2,099
09:36:15,A-keepalive,27,33.4,2,100
09:36:16,A-keepalive,27,33,2,101
09:36:17,A-keepalive,27,33.3,2,102
09:36:18,A-keepalive,27,32.7,2,103
09:36:19,A-keepalive,26,32.9,2,104
09:36:20,A-keepalive,26,34,2,105
09:36:21,A-keepalive,26,33.1,2,106
09:36:22,A-keepalive,26,34.8,2,107
09:36:24,A-keepalive,26,33.4,2,108
09:36:25,A-keepalive,26,32.9,2,109
09:36:26,A-keepalive,26,35.3,2,110
09:36:27,A-keepalive,26,33.1,2,111
09:36:28,A-keepalive,26,33.4,2,112
09:36:29,A-keepalive,26,36.7,2,113
09:36:30,A-keepalive,26,34.1,2,114
09:36:31,A-keepalive,26,33.1,2,115
09:36:32,A-keepalive,26,33.5,2,116
09:36:33,A-keepalive,26,33.6,2,117
09:36:34,A-keepalive,26,33.7,2,118
09:36:35,A-keepalive,26,32.9,2,119
09:36:36,A-keepalive,26,33.2,2,120
09:36:37,A-keepalive,26,32.8,2,121
09:36:38,A-keepalive,26,33.7,2,122
09:36:39,A-keepalive,26,32.9,2,123
09:36:40,A-keepalive,26,33.5,2,124
09:36:41,A-keepalive,26,33.4,2,125
09:36:42,A-keepalive,26,33.2,2,126
09:36:43,A-keepalive,26,33.4,2,127
09:36:44,A-keepalive,26,33.3,2,128
09:36:45,A-keepalive,26,32.9,2,129
09:36:46,A-keepalive,26,40.7,2,130
09:36:47,A-keepalive,27,34.3,2,131
09:36:48,A-keepalive,26,33.7,2,132
09:36:49,A-keepalive,26,33.1,2,133
09:36:50,A-keepalive,26,33.3,2,134
09:36:51,A-keepalive,26,33.5,2,135
09:36:52,A-keepalive,26,33.9,2,136
09:36:53,A-keepalive,26,33.5,2,137
09:36:54,A-keepalive,26,34.3,2,138
09:36:55,A-keepalive,26,32.9,2,139
09:36:56,A-keepalive,28,33.6,2,140
09:36:57,A-keepalive,32,33.1,2,141
09:36:58,A-keepalive,26,32.9,2,142
09:36:59,A-keepalive,26,34.2,2,143
09:37:00,A-keepalive,26,32.9,2,144
09:37:01,A-keepalive,26,33.1,2,145
09:37:02,A-keepalive,26,32.9,2,146
09:37:03,A-keepalive,26,33.5,2,147
09:37:04,A-keepalive,26,33.3,2,148
09:37:05,A-keepalive,26,33.2,2,149
09:37:06,A-keepalive,26,32.4,2,150
09:37:07,A-keepalive,26,33,2,152
09:37:08,A-keepalive,26,33.2,2,153
09:37:09,A-keepalive,27,33.3,2,154
09:37:10,A-keepalive,26,32.7,2,155
09:37:11,A-keepalive,26,33.3,2,156
09:37:12,A-keepalive,26,32.5,2,157
09:37:13,A-keepalive,26,33.9,2,158
09:37:14,A-keepalive,26,33.4,2,159
09:37:15,A-keepalive,26,33.2,2,160
09:37:16,A-keepalive,26,32.9,2,161
09:37:17,A-keepalive,26,33.4,2,162
09:37:18,A-keepalive,26,34,2,163
09:37:19,A-keepalive,26,33.3,2,164
09:37:20,A-keepalive,26,33.7,2,165
09:37:21,A-keepalive,26,33.1,2,166
09:37:22,A-keepalive,26,33,2,167
09:37:23,A-keepalive,26,33.7,2,168
09:37:24,A-keepalive,26,33.4,2,169
09:37:25,A-keepalive,26,33.3,2,170
09:37:26,A-keepalive,26,33.8,2,171
09:37:27,A-keepalive,26,33.3,2,172
09:37:28,A-keepalive,26,32.9,2,173
09:37:29,A-keepalive,26,32.8,2,174
09:37:30,A-keepalive,26,33.9,2,175
09:37:31,A-keepalive,26,33.4,2,176
09:37:32,A-keepalive,28,33.4,2,177
09:37:33,A-keepalive,26,33.6,2,178
09:37:34,A-keepalive,26,32.6,2,179
09:37:36,A-keepalive,26,33.3,2,180
09:37:37,A-keepalive,26,33,2,181
09:37:38,A-keepalive,27,33.4,2,182
09:37:39,A-keepalive,28,33.1,2,183
09:37:40,A-keepalive,28,33.3,2,184
09:37:41,A-keepalive,27,33.1,2,185
09:37:42,A-keepalive,27,33.7,2,186
09:37:43,A-keepalive,27,33.2,2,187
09:37:44,A-keepalive,26,34.1,2,188
09:37:45,A-keepalive,26,33.2,2,189
09:38:06,B2-normal,26,33.4,2,210
09:38:07,B2-normal,26,33,2,211
09:38:08,B2-normal,26,35,2,212
09:38:09,B2-normal,26,33.3,2,213
09:38:10,B2-normal,26,33,2,214
09:38:11,B2-normal,26,33.6,2,215
09:38:12,B2-normal,26,34.4,2,216
09:38:13,B2-normal,26,38.9,2,217
09:38:14,B2-normal,26,35.3,2,218
09:38:15,B2-normal,26,33.5,2,219
09:38:16,B2-normal,26,33.4,2,220
09:38:17,B2-normal,26,32.8,2,221
09:38:18,B2-normal,26,32.9,2,222
09:38:19,B2-normal,26,34,2,223
09:38:20,B2-normal,26,32.8,2,224
09:38:21,B2-normal,26,32.9,2,225
09:38:22,B2-normal,26,35,2,226
09:38:23,B2-normal,26,33.8,2,227
09:38:24,B2-normal,26,33.6,2,228
09:38:25,B2-normal,26,36.3,2,229
09:38:26,B2-normal,26,34.2,2,230
09:38:27,B2-normal,4,34.5,2,231
09:38:28,B2-normal,4,33.2,2,232
09:38:29,B2-normal,5,33.5,2,233
09:38:30,B2-normal,8,37,2,234
09:38:31,B2-normal,13,34.3,2,235
09:38:32,B2-normal,1,33.7,2,236
09:38:33,B2-normal,1,33.5,2,237
09:38:34,B2-normal,1,33.9,2,238
09:38:35,B2-normal,2,33.9,2,239
09:38:36,B2-normal,2,34.8,2,241
09:38:37,B2-normal,2,33.8,2,242
09:38:38,B2-normal,44,48.2,2,243
09:38:39,B2-normal,14,40,2,244
09:38:40,B2-normal,12,36.9,2,245
09:38:41,B2-normal,13,37.2,2,246
09:38:42,B2-normal,41,52.3,2,247
09:38:43,B2-normal,28,36.6,2,248
09:38:44,B2-normal,25,38.4,2,249
09:38:45,B2-normal,26,33.4,2,250
09:38:46,B2-normal,26,33.4,2,251
09:38:47,B2-normal,26,33.5,2,252
09:38:48,B2-normal,26,33.3,2,253
09:38:49,B2-normal,26,32.8,2,254
09:38:50,B2-normal,26,33.4,2,255
09:38:51,B2-normal,26,32.9,2,256
09:38:52,B2-normal,26,33.4,2,257
09:38:53,B2-normal,26,33.1,2,258
09:38:54,B2-normal,26,34.2,2,259
09:38:55,B2-normal,26,33.1,2,260
09:38:56,B2-normal,26,35.1,2,261
09:38:57,B2-normal,26,33.5,2,262
09:38:58,B2-normal,0,32.7,2,263
09:38:59,B2-normal,26,36.3,2,264
09:39:00,B2-normal,26,34.4,2,265
09:39:01,B2-normal,26,33.6,2,266
09:39:03,B2-normal,26,32.9,2,267
09:39:04,B2-normal,26,34.2,2,268
09:39:05,B2-normal,26,33.1,2,269
09:39:06,B2-normal,26,33.6,2,270
09:39:07,B2-normal,26,33.8,2,271
09:39:08,B2-normal,13,33.9,2,272
09:39:09,B2-normal,3,32.9,2,273
09:39:10,B2-normal,3,33.4,2,274
09:39:11,B2-normal,8,33.9,2,275
09:39:12,B2-normal,3,33.5,2,276
09:39:13,B2-normal,2,33.4,2,277
09:39:14,B2-normal,3,33.9,2,278
09:39:15,B2-normal,3,36.8,2,279
09:39:16,B2-normal,2,34.3,2,280
09:39:17,B2-normal,2,34.9,2,281
09:39:18,B2-normal,7,42.7,2,282
09:39:19,B2-normal,37,50.9,2,283
09:39:20,B2-normal,13,35.2,2,284
09:39:21,B2-normal,0,36.7,2,285
09:39:22,B2-normal,13,50,2,286
09:39:23,B2-normal,33,40.7,2,287
09:39:24,B2-normal,25,37.1,2,288
09:39:25,B2-normal,26,35,2,289
09:39:26,B2-normal,26,32.9,2,290
09:39:27,B2-normal,26,33.7,2,291
09:39:28,B2-normal,26,33.6,2,292
09:39:29,B2-normal,26,33.4,2,293
09:39:30,B2-normal,26,33.4,2,294
09:39:31,B2-normal,26,35.8,2,295
09:39:32,B2-normal,25,32.7,2,296
09:39:33,B2-normal,26,33.3,2,297
09:39:34,B2-normal,26,33.7,2,298
09:39:35,B2-normal,26,34.3,2,299
09:39:36,B2-normal,27,38.6,2,300
09:39:37,B2-normal,26,35.1,2,301
09:39:38,B2-normal,26,34.4,2,302
09:39:39,B2-normal,26,34.9,2,303
09:39:40,B2-normal,26,33.5,2,304
09:39:41,B2-normal,28,33.3,2,305
09:39:42,B2-normal,26,35.8,2,306
09:39:43,B2-normal,26,35,2,307
09:39:44,B2-normal,26,34.5,2,308
09:39:45,B2-normal,27,34,2,310
09:39:46,B2-normal,26,33.8,2,311
09:39:47,B2-normal,26,33.7,2,312
09:39:48,B2-normal,26,34.2,2,313
09:39:49,B2-normal,26,34.1,2,314
09:39:50,B2-normal,26,34.6,2,315
09:39:51,B2-normal,27,35,2,316
09:39:52,B2-normal,27,34.7,2,317
09:39:53,B2-normal,27,33.8,2,318
09:39:54,B2-normal,27,35.5,2,319
09:39:55,B2-normal,26,33.1,2,320
09:39:56,B2-normal,26,34.1,2,321
09:39:57,B2-normal,26,34.5,2,322
09:39:58,B2-normal,26,34.8,2,323
09:39:59,B2-normal,26,34.3,2,324
09:40:00,B2-normal,26,33.5,2,325
09:40:01,B2-normal,26,34.8,2,326
09:40:02,B2-normal,26,34,2,327
09:40:03,B2-normal,26,33.2,2,328
09:40:04,B2-normal,26,34.8,2,329
09:40:05,B2-normal,26,33.6,2,330
09:40:06,B2-normal,26,33.1,2,331
09:40:07,B2-normal,26,33.5,2,332
09:40:08,B2-normal,26,34.9,2,333
09:40:09,B2-normal,26,33.5,2,334
09:40:10,B2-normal,26,33.3,2,335
09:40:11,B2-normal,26,34.5,2,336
09:40:12,B2-normal,26,33.4,2,337
09:40:14,B2-normal,26,34.8,2,338
09:40:15,B2-normal,26,33.9,2,339
09:40:16,B2-normal,26,33.9,2,340
09:40:17,B2-normal,26,33.5,2,341
09:40:18,B2-normal,26,33.6,2,342
09:40:19,B2-normal,26,33.2,2,343
09:40:20,B2-normal,26,33.4,2,344
09:40:21,B2-normal,26,34.8,2,345
09:40:22,B2-normal,26,33.8,2,346
09:40:23,B2-normal,27,33.4,2,347
09:40:24,B2-normal,27,35.2,2,348
09:40:25,B2-normal,27,34.1,2,349
09:40:26,B2-normal,26,33.3,2,350
09:40:27,B2-normal,26,34.1,2,351
09:40:28,B2-normal,26,33.5,2,352
09:40:29,B2-normal,27,33.7,2,353
09:40:30,B2-normal,28,34.2,2,354
09:40:31,B2-normal,26,35.3,2,355
09:40:32,B2-normal,26,35.1,2,356
09:40:33,B2-normal,26,34.9,2,357
09:40:34,B2-normal,26,34.3,2,358
09:40:35,B2-normal,26,34.9,2,359
09:40:36,B2-normal,26,33.5,2,360
09:40:37,B2-normal,25,34.3,2,361
09:40:38,B2-normal,28,33.5,2,362
09:40:39,B2-normal,26,33.6,2,363
09:40:40,B2-normal,26,34,2,364
09:40:41,B2-normal,26,34.1,2,365
09:40:42,B2-normal,27,34,2,366
09:40:43,B2-normal,26,33.8,2,367
09:40:44,B2-normal,26,34.6,2,368
09:40:45,B2-normal,26,35.3,2,369
09:40:46,B2-normal,26,34.4,2,370
09:40:47,B2-normal,26,34,2,371
09:40:48,B2-normal,26,33.4,2,372
09:40:49,B2-normal,26,33.6,2,373
09:40:50,B2-normal,26,33.3,2,374
09:40:51,B2-normal,26,34.5,2,375
09:40:52,B2-normal,26,34,2,376
09:40:53,B2-normal,26,34.9,2,377
09:40:54,B2-normal,26,34.2,2,378
09:40:55,B2-normal,26,33.7,2,379
09:40:56,B2-normal,26,33.5,2,380
09:40:57,B2-normal,26,34,2,381
09:40:58,B2-normal,32,33.8,2,383
09:40:59,B2-normal,26,33.8,2,384
09:41:00,B2-normal,26,33.6,2,385
09:41:01,B2-normal,26,37.9,2,386
09:41:02,B2-normal,26,34.4,2,387
09:41:03,B2-normal,34,33.4,2,388
09:41:04,B2-normal,26,34.6,2,389
09:41:05,B2-normal,26,33,2,390
