file,time,id,a,b,c
g80sh-exp-ulps90.etl,2026-09-24 05:21:18.546910,1099,"256",10,81
g80sh-exp-ulps90.etl,2026-09-24 05:21:18.546926,1099,"257",8,82
g80sh-exp-ulps90.etl,2026-09-24 05:21:18.546931,1099,"258",8,83
g80sh-exp-ulps90.etl,2026-09-24 05:21:18.546936,1099,"259",8,84
g80sh-exp-ulps90.etl,2026-09-24 05:21:18.546943,1099,"260",10,85
g80sh-exp-ulps90.etl,2026-09-24 05:21:18.546950,1099,"261",8,86
g80sh-exp-ulps90.etl,2026-09-24 05:21:18.546955,1099,"262",8,87
g80sh-exp-ulps90.etl,2026-09-24 05:21:18.546960,1099,"263",8,88
g80sh-exp-ulps90.etl,2026-09-24 05:21:18.546964,1099,"264",8,89
g80sh-exp-ulps90.etl,2026-09-24 05:21:18.546973,1099,"265",10,90
g80sh-exp-ulps90.etl,2026-09-24 05:21:18.546980,1099,"266",8,91
g80sh-exp-ulps90.etl,2026-09-24 05:21:18.546982,1099,"0",0,0
g80sh-exp-ulps90.etl,2026-09-24 05:21:28.878753,1099,"256",10,92
g80sh-exp-ulps90.etl,2026-09-24 05:21:28.878768,1099,"257",8,93
g80sh-exp-ulps90.etl,2026-09-24 05:21:28.878773,1099,"258",8,94
g80sh-exp-ulps90.etl,2026-09-24 05:21:28.878778,1099,"259",8,95
g80sh-exp-ulps90.etl,2026-09-24 05:21:28.878786,1099,"260",10,96
g80sh-exp-ulps90.etl,2026-09-24 05:21:28.878793,1099,"261",8,97
g80sh-exp-ulps90.etl,2026-09-24 05:21:28.878798,1099,"262",8,98
g80sh-exp-ulps90.etl,2026-09-24 05:21:28.878802,1099,"263",8,99
g80sh-exp-ulps90.etl,2026-09-24 05:21:28.878807,1099,"264",8,100
g80sh-exp-ulps90.etl,2026-09-24 05:21:28.878815,1099,"265",10,101
g80sh-exp-ulps90.etl,2026-09-24 05:21:28.878822,1099,"266",8,102
g80sh-exp-ulps90.etl,2026-09-24 05:21:28.878824,1099,"0",0,0
g80sh-exp-ulps90.etl,2026-09-24 05:21:30.283340,1099,"260",8,103
g80sh-exp-ulps90.etl,2026-09-24 05:21:30.283463,1099,"260",10,104
g80sh-exp-ulps90.etl,2026-09-24 05:21:30.283505,220,"GPU",,
g80sh-exp-ulps90.etl,2026-09-24 05:21:30.311584,1099,"0",0,0
g80sh-exp-ulps90.etl,2026-09-24 05:21:30.323179,1010,"DISPLAY\SAM7B0C\7&16b8ddb4&0&UID260",,
g80sh-exp-ulps90.etl,2026-09-24 05:21:30.386640,1099,"0",0,0
g80sh-exp-ulps90.etl,2026-09-24 05:21:30.646634,1099,"260",8,105
g80sh-exp-ulps90.etl,2026-09-24 05:21:30.646710,1099,"0",0,0
g80sh-exp-ulps90.etl,2026-09-24 05:21:30.646778,220,"GPU",,
g80sh-exp-ulps90.etl,2026-09-24 05:21:30.704272,1010,"DISPLAY\Default_Monitor\7&16b8ddb4&0&UID260",,
g80sh-exp-ulps90.etl,2026-09-24 05:21:30.754955,1099,"0",0,0
g80sh-exp-ulps90.etl,2026-09-24 05:21:33.962711,1099,"260",10,106
g80sh-exp-ulps90.etl,2026-09-24 05:21:34.198161,1099,"0",0,0
g80sh-exp-ulps90.etl,2026-09-24 05:21:34.198224,220,"GPU",,
g80sh-exp-ulps90.etl,2026-09-24 05:21:34.229114,1099,"0",0,0
g80sh-exp-ulps90.etl,2026-09-24 05:22:04.507284,1099,"256",10,107
g80sh-exp-ulps90.etl,2026-09-24 05:22:04.507300,1099,"257",8,108
g80sh-exp-ulps90.etl,2026-09-24 05:22:04.507305,1099,"258",8,109
g80sh-exp-ulps90.etl,2026-09-24 05:22:04.507310,1099,"259",8,110
g80sh-exp-ulps90.etl,2026-09-24 05:22:04.507317,1099,"260",10,111
g80sh-exp-ulps90.etl,2026-09-24 05:22:04.507324,1099,"261",8,112
g80sh-exp-ulps90.etl,2026-09-24 05:22:04.507329,1099,"262",8,113
g80sh-exp-ulps90.etl,2026-09-24 05:22:04.507333,1099,"263",8,114
g80sh-exp-ulps90.etl,2026-09-24 05:22:04.507338,1099,"264",8,115
g80sh-exp-ulps90.etl,2026-09-24 05:22:04.507346,1099,"265",10,116
g80sh-exp-ulps90.etl,2026-09-24 05:22:04.507353,1099,"266",8,117
g80sh-exp-ulps90.etl,2026-09-24 05:22:04.507355,1099,"0",0,0
g80sh-exp-ulps90.etl,2026-09-24 05:22:14.831377,1099,"256",10,118
g80sh-exp-ulps90.etl,2026-09-24 05:22:14.831392,1099,"257",8,119
g80sh-exp-ulps90.etl,2026-09-24 05:22:14.831397,1099,"258",8,120
g80sh-exp-ulps90.etl,2026-09-24 05:22:14.831402,1099,"259",8,121
g80sh-exp-ulps90.etl,2026-09-24 05:22:14.831409,1099,"260",10,122
g80sh-exp-ulps90.etl,2026-09-24 05:22:14.831416,1099,"261",8,123
g80sh-exp-ulps90.etl,2026-09-24 05:22:14.831420,1099,"262",8,124
g80sh-exp-ulps90.etl,2026-09-24 05:22:14.831425,1099,"263",8,125
g80sh-exp-ulps90.etl,2026-09-24 05:22:14.831430,1099,"264",8,126
g80sh-exp-ulps90.etl,2026-09-24 05:22:14.831438,1099,"265",10,127
g80sh-exp-ulps90.etl,2026-09-24 05:22:14.831446,1099,"266",8,128
g80sh-exp-ulps90.etl,2026-09-24 05:22:14.831448,1099,"0",0,0
g80sh-exp-ulps90.etl,2026-09-24 05:22:16.228168,1099,"260",8,129
g80sh-exp-ulps90.etl,2026-09-24 05:22:16.228290,1099,"260",10,130
g80sh-exp-ulps90.etl,2026-09-24 05:22:16.228412,220,"GPU",,
g80sh-exp-ulps90.etl,2026-09-24 05:22:16.254941,1099,"0",0,0
g80sh-exp-ulps90.etl,2026-09-24 05:22:16.270388,1010,"DISPLAY\SAM7B0C\7&16b8ddb4&0&UID260",,
g80sh-exp-ulps90.etl,2026-09-24 05:22:16.339683,1099,"0",0,0
g80sh-exp-ulps90.etl,2026-09-24 05:22:16.442231,1099,"260",8,131
g80sh-exp-ulps90.etl,2026-09-24 05:22:16.442301,1099,"0",0,0
g80sh-exp-ulps90.etl,2026-09-24 05:22:16.442368,220,"GPU",,
g80sh-exp-ulps90.etl,2026-09-24 05:22:16.474579,1010,"DISPLAY\Default_Monitor\7&16b8ddb4&0&UID260",,
g80sh-exp-ulps90.etl,2026-09-24 05:22:16.576486,1099,"0",0,0
g80sh-exp-ulps90.etl,2026-09-24 05:22:19.744886,1099,"260",10,132
g80sh-exp-ulps90.etl,2026-09-24 05:22:19.992462,1099,"0",0,0
g80sh-exp-ulps90.etl,2026-09-24 05:22:19.992520,220,"GPU",,
g80sh-exp-ulps90.etl,2026-09-24 05:22:20.019715,1099,"0",0,0
g80sh-exp-ulps90.etl,2026-09-24 05:22:49.975967,1099,"256",10,133
g80sh-exp-ulps90.etl,2026-09-24 05:22:49.975984,1099,"257",8,134
g80sh-exp-ulps90.etl,2026-09-24 05:22:49.975989,1099,"258",8,135
g80sh-exp-ulps90.etl,2026-09-24 05:22:49.975994,1099,"259",8,136
g80sh-exp-ulps90.etl,2026-09-24 05:22:49.976001,1099,"260",10,137
g80sh-exp-ulps90.etl,2026-09-24 05:22:49.976009,1099,"261",8,138
g80sh-exp-ulps90.etl,2026-09-24 05:22:49.976014,1099,"262",8,139
g80sh-exp-ulps90.etl,2026-09-24 05:22:49.976018,1099,"263",8,140
g80sh-exp-ulps90.etl,2026-09-24 05:22:49.976023,1099,"264",8,141
g80sh-exp-ulps90.etl,2026-09-24 05:22:49.976031,1099,"265",10,142
g80sh-exp-ulps90.etl,2026-09-24 05:22:49.976039,1099,"266",8,143
g80sh-exp-ulps90.etl,2026-09-24 05:22:49.976041,1099,"0",0,0
g80sh-exp-ulps90.etl,2026-09-24 05:23:00.222516,1099,"256",10,144
g80sh-exp-ulps90.etl,2026-09-24 05:23:00.222531,1099,"257",8,145
g80sh-exp-ulps90.etl,2026-09-24 05:23:00.222537,1099,"258",8,146
g80sh-exp-ulps90.etl,2026-09-24 05:23:00.222541,1099,"259",8,147
g80sh-exp-ulps90.etl,2026-09-24 05:23:00.222549,1099,"260",10,148
g80sh-exp-ulps90.etl,2026-09-24 05:23:00.222556,1099,"261",8,149
g80sh-exp-ulps90.etl,2026-09-24 05:23:00.222561,1099,"262",8,150
g80sh-exp-ulps90.etl,2026-09-24 05:23:00.222566,1099,"263",8,151
g80sh-exp-ulps90.etl,2026-09-24 05:23:00.222570,1099,"264",8,152
g80sh-exp-ulps90.etl,2026-09-24 05:23:00.222579,1099,"265",10,153
g80sh-exp-ulps90.etl,2026-09-24 05:23:00.222586,1099,"266",8,154
g80sh-exp-ulps90.etl,2026-09-24 05:23:00.222588,1099,"0",0,0
g80sh-exp-ulps90.etl,2026-09-24 05:23:01.611395,1099,"260",8,155
g80sh-exp-ulps90.etl,2026-09-24 05:23:01.611535,1099,"260",10,156
g80sh-exp-ulps90.etl,2026-09-24 05:23:01.611589,220,"GPU",,
g80sh-exp-ulps90.etl,2026-09-24 05:23:01.639239,1099,"0",0,0
g80sh-exp-ulps90.etl,2026-09-24 05:23:01.651162,1010,"DISPLAY\SAM7B0C\7&16b8ddb4&0&UID260",,
g80sh-exp-ulps90.etl,2026-09-24 05:23:01.714388,1099,"0",0,0
g80sh-exp-ulps90.etl,2026-09-24 05:23:01.813777,1099,"260",8,157
g80sh-exp-ulps90.etl,2026-09-24 05:23:01.813865,1099,"0",0,0
g80sh-exp-ulps90.etl,2026-09-24 05:23:01.813935,220,"GPU",,
g80sh-exp-ulps90.etl,2026-09-24 05:23:01.864287,1010,"DISPLAY\Default_Monitor\7&16b8ddb4&0&UID260",,
g80sh-exp-ulps90.etl,2026-09-24 05:23:01.948036,1099,"0",0,0
g80sh-exp-ulps90.etl,2026-09-24 05:23:05.150385,1099,"260",10,158
g80sh-exp-ulps90.etl,2026-09-24 05:23:05.403164,1099,"0",0,0
g80sh-exp-ulps90.etl,2026-09-24 05:23:05.403212,220,"GPU",,
g80sh-exp-ulps90.etl,2026-09-24 05:23:05.434053,1099,"0",0,0
g80sh-exp-ulps90.etl,2026-09-24 05:23:34.318880,1099,"256",10,159
g80sh-exp-ulps90.etl,2026-09-24 05:23:34.318896,1099,"257",8,160
g80sh-exp-ulps90.etl,2026-09-24 05:23:34.318901,1099,"258",8,161
g80sh-exp-ulps90.etl,2026-09-24 05:23:34.318906,1099,"259",8,162
g80sh-exp-ulps90.etl,2026-09-24 05:23:34.318913,1099,"260",10,163
g80sh-exp-ulps90.etl,2026-09-24 05:23:34.318920,1099,"261",8,164
g80sh-exp-ulps90.etl,2026-09-24 05:23:34.318925,1099,"262",8,165
g80sh-exp-ulps90.etl,2026-09-24 05:23:34.318929,1099,"263",8,166
g80sh-exp-ulps90.etl,2026-09-24 05:23:34.318934,1099,"264",8,167
g80sh-exp-ulps90.etl,2026-09-24 05:23:34.318942,1099,"265",10,168
g80sh-exp-ulps90.etl,2026-09-24 05:23:34.318950,1099,"266",8,169
g80sh-exp-ulps90.etl,2026-09-24 05:23:34.318952,1099,"0",0,0
g80sh-exp-ulps90.etl,2026-09-24 05:23:44.644630,1099,"256",10,170
g80sh-exp-ulps90.etl,2026-09-24 05:23:44.644646,1099,"257",8,171
g80sh-exp-ulps90.etl,2026-09-24 05:23:44.644651,1099,"258",8,172
g80sh-exp-ulps90.etl,2026-09-24 05:23:44.644656,1099,"259",8,173
g80sh-exp-ulps90.etl,2026-09-24 05:23:44.644664,1099,"260",10,174
g80sh-exp-ulps90.etl,2026-09-24 05:23:44.644671,1099,"261",8,175
g80sh-exp-ulps90.etl,2026-09-24 05:23:44.644676,1099,"262",8,176
g80sh-exp-ulps90.etl,2026-09-24 05:23:44.644681,1099,"263",8,177
g80sh-exp-ulps90.etl,2026-09-24 05:23:44.644685,1099,"264",8,178
g80sh-exp-ulps90.etl,2026-09-24 05:23:44.644694,1099,"265",10,179
g80sh-exp-ulps90.etl,2026-09-24 05:23:44.644701,1099,"266",8,180
g80sh-exp-ulps90.etl,2026-09-24 05:23:44.644703,1099,"0",0,0
g80sh-exp-ulps90.etl,2026-09-24 05:23:46.035071,1099,"260",8,181
g80sh-exp-ulps90.etl,2026-09-24 05:23:46.035213,1099,"260",10,182
g80sh-exp-ulps90.etl,2026-09-24 05:23:46.035305,220,"GPU",,
g80sh-exp-ulps90.etl,2026-09-24 05:23:46.065788,1099,"0",0,0
g80sh-exp-ulps90.etl,2026-09-24 05:23:46.078709,1010,"DISPLAY\SAM7B0C\7&16b8ddb4&0&UID260",,
g80sh-exp-ulps90.etl,2026-09-24 05:23:46.140628,1099,"0",0,0
g80sh-exp-ulps90.etl,2026-09-24 05:23:46.249491,1099,"260",8,183
g80sh-exp-ulps90.etl,2026-09-24 05:23:46.249558,1099,"0",0,0
g80sh-exp-ulps90.etl,2026-09-24 05:23:46.249613,220,"GPU",,
g80sh-exp-ulps90.etl,2026-09-24 05:23:46.274760,1010,"DISPLAY\Default_Monitor\7&16b8ddb4&0&UID260",,
g80sh-exp-ulps90.etl,2026-09-24 05:23:46.358577,1099,"0",0,0
g80sh-exp-ulps90.etl,2026-09-24 05:23:49.560486,1099,"260",10,184
g80sh-exp-ulps90.etl,2026-09-24 05:23:49.828850,1099,"0",0,0
g80sh-exp-ulps90.etl,2026-09-24 05:23:49.828915,220,"GPU",,
g80sh-exp-ulps90.etl,2026-09-24 05:23:49.858750,1099,"0",0,0
g80sh-exp-ulps90.etl,2026-09-24 05:24:21.654305,1099,"256",10,185
g80sh-exp-ulps90.etl,2026-09-24 05:24:21.654320,1099,"257",8,186
g80sh-exp-ulps90.etl,2026-09-24 05:24:21.654325,1099,"258",8,187
g80sh-exp-ulps90.etl,2026-09-24 05:24:21.654330,1099,"259",8,188
g80sh-exp-ulps90.etl,2026-09-24 05:24:21.654337,1099,"260",10,189
g80sh-exp-ulps90.etl,2026-09-24 05:24:21.654344,1099,"261",8,190
g80sh-exp-ulps90.etl,2026-09-24 05:24:21.654349,1099,"262",8,191
g80sh-exp-ulps90.etl,2026-09-24 05:24:21.654354,1099,"263",8,192
g80sh-exp-ulps90.etl,2026-09-24 05:24:21.654358,1099,"264",8,193
g80sh-exp-ulps90.etl,2026-09-24 05:24:21.654367,1099,"265",10,194
g80sh-exp-ulps90.etl,2026-09-24 05:24:21.654374,1099,"266",8,195
g80sh-exp-ulps90.etl,2026-09-24 05:24:21.654376,1099,"0",0,0
g80sh-exp-ulps90.etl,2026-09-24 05:24:31.980902,1099,"256",10,196
g80sh-exp-ulps90.etl,2026-09-24 05:24:31.980917,1099,"257",8,197
g80sh-exp-ulps90.etl,2026-09-24 05:24:31.980922,1099,"258",8,198
g80sh-exp-ulps90.etl,2026-09-24 05:24:31.980927,1099,"259",8,199
g80sh-exp-ulps90.etl,2026-09-24 05:24:31.980934,1099,"260",10,200
g80sh-exp-ulps90.etl,2026-09-24 05:24:31.980941,1099,"261",8,201
g80sh-exp-ulps90.etl,2026-09-24 05:24:31.980946,1099,"262",8,202
g80sh-exp-ulps90.etl,2026-09-24 05:24:31.980951,1099,"263",8,203
g80sh-exp-ulps90.etl,2026-09-24 05:24:31.980955,1099,"264",8,204
g80sh-exp-ulps90.etl,2026-09-24 05:24:31.980965,1099,"265",10,205
g80sh-exp-ulps90.etl,2026-09-24 05:24:31.980973,1099,"266",8,206
g80sh-exp-ulps90.etl,2026-09-24 05:24:31.980975,1099,"0",0,0
g80sh-exp-ulps90.etl,2026-09-24 05:24:33.383634,1099,"260",8,207
g80sh-exp-ulps90.etl,2026-09-24 05:24:33.383766,1099,"260",10,208
g80sh-exp-ulps90.etl,2026-09-24 05:24:33.383818,220,"GPU",,
g80sh-exp-ulps90.etl,2026-09-24 05:24:33.410855,1099,"0",0,0
g80sh-exp-ulps90.etl,2026-09-24 05:24:33.422408,1010,"DISPLAY\SAM7B0C\7&16b8ddb4&0&UID260",,
g80sh-exp-ulps90.etl,2026-09-24 05:24:33.486287,1099,"0",0,0
g80sh-exp-ulps90.etl,2026-09-24 05:24:33.754280,1099,"260",8,209
g80sh-exp-ulps90.etl,2026-09-24 05:24:33.754353,1099,"0",0,0
g80sh-exp-ulps90.etl,2026-09-24 05:24:33.754444,220,"GPU",,
g80sh-exp-ulps90.etl,2026-09-24 05:24:33.803458,1010,"DISPLAY\Default_Monitor\7&16b8ddb4&0&UID260",,
g80sh-exp-ulps90.etl,2026-09-24 05:24:33.838066,1099,"0",0,0
g80sh-exp-ulps90.etl,2026-09-24 05:24:37.089737,1099,"260",10,210
g80sh-exp-ulps90.etl,2026-09-24 05:24:37.343258,1099,"0",0,0
g80sh-exp-ulps90.etl,2026-09-24 05:24:37.343307,220,"GPU",,
g80sh-exp-ulps90.etl,2026-09-24 05:24:37.373235,1099,"0",0,0
g80sh-exp-ulps90.etl,2026-09-24 05:25:06.976413,1099,"256",10,211
g80sh-exp-ulps90.etl,2026-09-24 05:25:06.976429,1099,"257",8,212
g80sh-exp-ulps90.etl,2026-09-24 05:25:06.976434,1099,"258",8,213
g80sh-exp-ulps90.etl,2026-09-24 05:25:06.976439,1099,"259",8,214
g80sh-exp-ulps90.etl,2026-09-24 05:25:06.976446,1099,"260",10,215
g80sh-exp-ulps90.etl,2026-09-24 05:25:06.976453,1099,"261",8,216
g80sh-exp-ulps90.etl,2026-09-24 05:25:06.976458,1099,"262",8,217
g80sh-exp-ulps90.etl,2026-09-24 05:25:06.976462,1099,"263",8,218
g80sh-exp-ulps90.etl,2026-09-24 05:25:06.976467,1099,"264",8,219
g80sh-exp-ulps90.etl,2026-09-24 05:25:06.976476,1099,"265",10,220
g80sh-exp-ulps90.etl,2026-09-24 05:25:06.976483,1099,"266",8,221
g80sh-exp-ulps90.etl,2026-09-24 05:25:06.976485,1099,"0",0,0
g80sh-exp-ulps90.etl,2026-09-24 05:25:17.290330,1099,"256",10,222
g80sh-exp-ulps90.etl,2026-09-24 05:25:17.290345,1099,"257",8,223
g80sh-exp-ulps90.etl,2026-09-24 05:25:17.290350,1099,"258",8,224
g80sh-exp-ulps90.etl,2026-09-24 05:25:17.290355,1099,"259",8,225
g80sh-exp-ulps90.etl,2026-09-24 05:25:17.290363,1099,"260",10,226
g80sh-exp-ulps90.etl,2026-09-24 05:25:17.290369,1099,"261",8,227
g80sh-exp-ulps90.etl,2026-09-24 05:25:17.290374,1099,"262",8,228
g80sh-exp-ulps90.etl,2026-09-24 05:25:17.290379,1099,"263",8,229
g80sh-exp-ulps90.etl,2026-09-24 05:25:17.290384,1099,"264",8,230
g80sh-exp-ulps90.etl,2026-09-24 05:25:17.290406,1099,"265",10,231
g80sh-exp-ulps90.etl,2026-09-24 05:25:17.290414,1099,"266",8,232
g80sh-exp-ulps90.etl,2026-09-24 05:25:17.290416,1099,"0",0,0
g80sh-exp-ulps90.etl,2026-09-24 05:25:18.692696,1099,"260",8,233
g80sh-exp-ulps90.etl,2026-09-24 05:25:18.692828,1099,"260",10,234
g80sh-exp-ulps90.etl,2026-09-24 05:25:18.692947,220,"GPU",,
g80sh-exp-ulps90.etl,2026-09-24 05:25:18.720333,1099,"0",0,0
g80sh-exp-ulps90.etl,2026-09-24 05:25:18.734622,1010,"DISPLAY\SAM7B0C\7&16b8ddb4&0&UID260",,
g80sh-exp-ulps90.etl,2026-09-24 05:25:18.795810,1099,"0",0,0
g80sh-exp-ulps90.etl,2026-09-24 05:25:18.951181,1099,"260",8,235
g80sh-exp-ulps90.etl,2026-09-24 05:25:18.951247,1099,"0",0,0
g80sh-exp-ulps90.etl,2026-09-24 05:25:18.951300,220,"GPU",,
g80sh-exp-ulps90.etl,2026-09-24 05:25:18.996829,1010,"DISPLAY\Default_Monitor\7&16b8ddb4&0&UID260",,
g80sh-exp-ulps90.etl,2026-09-24 05:25:19.064360,1099,"0",0,0
g80sh-exp-ulps90.etl,2026-09-24 05:25:22.279211,1099,"260",10,236
g80sh-exp-ulps90.etl,2026-09-24 05:25:22.528806,1099,"0",0,0
g80sh-exp-ulps90.etl,2026-09-24 05:25:22.528855,220,"GPU",,
g80sh-exp-ulps90.etl,2026-09-24 05:25:22.563927,1099,"0",0,0
g80sh-exp-ulps90.etl,2026-09-24 05:25:51.700834,1099,"256",10,237
g80sh-exp-ulps90.etl,2026-09-24 05:25:51.700847,1099,"257",8,238
g80sh-exp-ulps90.etl,2026-09-24 05:25:51.700851,1099,"258",8,239
g80sh-exp-ulps90.etl,2026-09-24 05:25:51.700854,1099,"259",8,240
g80sh-exp-ulps90.etl,2026-09-24 05:25:51.700860,1099,"260",10,241
g80sh-exp-ulps90.etl,2026-09-24 05:25:51.700865,1099,"261",8,242
g80sh-exp-ulps90.etl,2026-09-24 05:25:51.700868,1099,"262",8,243
g80sh-exp-ulps90.etl,2026-09-24 05:25:51.700872,1099,"263",8,244
g80sh-exp-ulps90.etl,2026-09-24 05:25:51.700875,1099,"264",8,245
g80sh-exp-ulps90.etl,2026-09-24 05:25:51.700881,1099,"265",10,246
g80sh-exp-ulps90.etl,2026-09-24 05:25:51.700887,1099,"266",8,247
g80sh-exp-ulps90.etl,2026-09-24 05:25:51.700888,1099,"0",0,0
g80sh-exp-ulps90.etl,2026-09-24 05:26:02.015585,1099,"256",10,248
g80sh-exp-ulps90.etl,2026-09-24 05:26:02.015601,1099,"257",8,249
g80sh-exp-ulps90.etl,2026-09-24 05:26:02.015606,1099,"258",8,250
g80sh-exp-ulps90.etl,2026-09-24 05:26:02.015611,1099,"259",8,251
g80sh-exp-ulps90.etl,2026-09-24 05:26:02.015618,1099,"260",10,252
g80sh-exp-ulps90.etl,2026-09-24 05:26:02.015625,1099,"261",8,253
g80sh-exp-ulps90.etl,2026-09-24 05:26:02.015630,1099,"262",8,254
g80sh-exp-ulps90.etl,2026-09-24 05:26:02.015635,1099,"263",8,255
g80sh-exp-ulps90.etl,2026-09-24 05:26:02.015639,1099,"264",8,256
g80sh-exp-ulps90.etl,2026-09-24 05:26:02.015648,1099,"265",10,257
g80sh-exp-ulps90.etl,2026-09-24 05:26:02.015655,1099,"266",8,258
g80sh-exp-ulps90.etl,2026-09-24 05:26:02.015657,1099,"0",0,0
g80sh-exp-ulps90.etl,2026-09-24 05:26:03.416848,1099,"260",8,259
g80sh-exp-ulps90.etl,2026-09-24 05:26:03.416982,1099,"260",10,260
g80sh-exp-ulps90.etl,2026-09-24 05:26:03.417088,220,"GPU",,
g80sh-exp-ulps90.etl,2026-09-24 05:26:03.443777,1099,"0",0,0
g80sh-exp-ulps90.etl,2026-09-24 05:26:03.458366,1010,"DISPLAY\SAM7B0C\7&16b8ddb4&0&UID260",,
g80sh-exp-ulps90.etl,2026-09-24 05:26:03.520275,1099,"0",0,0
g80sh-exp-ulps90.etl,2026-09-24 05:26:03.772622,1099,"260",8,261
g80sh-exp-ulps90.etl,2026-09-24 05:26:03.772734,1099,"0",0,0
g80sh-exp-ulps90.etl,2026-09-24 05:26:03.772836,220,"GPU",,
g80sh-exp-ulps90.etl,2026-09-24 05:26:03.821315,1010,"DISPLAY\Default_Monitor\7&16b8ddb4&0&UID260",,
g80sh-exp-ulps90.etl,2026-09-24 05:26:03.855201,1099,"0",0,0
g80sh-exp-ulps90.etl,2026-09-24 05:26:07.114701,1099,"260",10,262
g80sh-exp-ulps90.etl,2026-09-24 05:26:07.364469,1099,"0",0,0
g80sh-exp-ulps90.etl,2026-09-24 05:26:07.364523,220,"GPU",,
g80sh-exp-ulps90.etl,2026-09-24 05:26:07.392292,1099,"0",0,0
g80sh-exp-ulps90.etl,2026-09-24 05:26:36.381401,1099,"256",10,263
g80sh-exp-ulps90.etl,2026-09-24 05:26:36.381415,1099,"257",8,264
g80sh-exp-ulps90.etl,2026-09-24 05:26:36.381420,1099,"258",8,265
g80sh-exp-ulps90.etl,2026-09-24 05:26:36.381425,1099,"259",8,266
g80sh-exp-ulps90.etl,2026-09-24 05:26:36.381433,1099,"260",10,267
g80sh-exp-ulps90.etl,2026-09-24 05:26:36.381440,1099,"261",8,268
g80sh-exp-ulps90.etl,2026-09-24 05:26:36.381444,1099,"262",8,269
g80sh-exp-ulps90.etl,2026-09-24 05:26:36.381449,1099,"263",8,270
g80sh-exp-ulps90.etl,2026-09-24 05:26:36.381453,1099,"264",8,271
g80sh-exp-ulps90.etl,2026-09-24 05:26:36.381462,1099,"265",10,272
g80sh-exp-ulps90.etl,2026-09-24 05:26:36.381469,1099,"266",8,273
g80sh-exp-ulps90.etl,2026-09-24 05:26:36.381471,1099,"0",0,0
g80sh-exp-ulps90.etl,2026-09-24 05:26:46.723492,1099,"256",10,274
g80sh-exp-ulps90.etl,2026-09-24 05:26:46.723507,1099,"257",8,275
g80sh-exp-ulps90.etl,2026-09-24 05:26:46.723512,1099,"258",8,276
g80sh-exp-ulps90.etl,2026-09-24 05:26:46.723517,1099,"259",8,277
g80sh-exp-ulps90.etl,2026-09-24 05:26:46.723524,1099,"260",10,278
g80sh-exp-ulps90.etl,2026-09-24 05:26:46.723531,1099,"261",8,279
g80sh-exp-ulps90.etl,2026-09-24 05:26:46.723535,1099,"262",8,280
g80sh-exp-ulps90.etl,2026-09-24 05:26:46.723540,1099,"263",8,281
g80sh-exp-ulps90.etl,2026-09-24 05:26:46.723545,1099,"264",8,282
g80sh-exp-ulps90.etl,2026-09-24 05:26:46.723553,1099,"265",10,283
g80sh-exp-ulps90.etl,2026-09-24 05:26:46.723560,1099,"266",8,284
g80sh-exp-ulps90.etl,2026-09-24 05:26:46.723562,1099,"0",0,0
g80sh-exp-ulps90.etl,2026-09-24 05:26:48.120588,1099,"260",8,285
g80sh-exp-ulps90.etl,2026-09-24 05:26:48.120730,1099,"260",10,286
g80sh-exp-ulps90.etl,2026-09-24 05:26:48.120782,220,"GPU",,
g80sh-exp-ulps90.etl,2026-09-24 05:26:48.152026,1099,"0",0,0
g80sh-exp-ulps90.etl,2026-09-24 05:26:48.163459,1010,"DISPLAY\SAM7B0C\7&16b8ddb4&0&UID260",,
g80sh-exp-ulps90.etl,2026-09-24 05:26:48.228987,1099,"0",0,0
g80sh-exp-ulps90.etl,2026-09-24 05:26:48.466216,1099,"260",8,287
g80sh-exp-ulps90.etl,2026-09-24 05:26:48.466289,1099,"0",0,0
g80sh-exp-ulps90.etl,2026-09-24 05:26:48.466381,220,"GPU",,
g80sh-exp-ulps90.etl,2026-09-24 05:26:48.511924,1010,"DISPLAY\Default_Monitor\7&16b8ddb4&0&UID260",,
g80sh-exp-ulps90.etl,2026-09-24 05:26:48.547527,1099,"0",0,0
g80sh-exp-ulps90.etl,2026-09-24 05:26:51.794095,1099,"260",10,288
g80sh-exp-ulps90.etl,2026-09-24 05:26:52.043606,1099,"0",0,0
g80sh-exp-ulps90.etl,2026-09-24 05:26:52.043650,220,"GPU",,
g80sh-exp-ulps90.etl,2026-09-24 05:26:52.082808,1099,"0",0,0
g80sh-exp-ulps90.etl,2026-09-24 05:27:23.221866,1099,"256",10,289
g80sh-exp-ulps90.etl,2026-09-24 05:27:23.221879,1099,"257",8,290
g80sh-exp-ulps90.etl,2026-09-24 05:27:23.221883,1099,"258",8,291
g80sh-exp-ulps90.etl,2026-09-24 05:27:23.221886,1099,"259",8,292
g80sh-exp-ulps90.etl,2026-09-24 05:27:23.221891,1099,"260",10,293
g80sh-exp-ulps90.etl,2026-09-24 05:27:23.221897,1099,"261",8,294
g80sh-exp-ulps90.etl,2026-09-24 05:27:23.221900,1099,"262",8,295
g80sh-exp-ulps90.etl,2026-09-24 05:27:23.221903,1099,"263",8,296
g80sh-exp-ulps90.etl,2026-09-24 05:27:23.221906,1099,"264",8,297
g80sh-exp-ulps90.etl,2026-09-24 05:27:23.221913,1099,"265",10,298
g80sh-exp-ulps90.etl,2026-09-24 05:27:23.221918,1099,"266",8,299
g80sh-exp-ulps90.etl,2026-09-24 05:27:23.221919,1099,"0",0,0
g80sh-exp-ulps90.etl,2026-09-24 05:27:33.570444,1099,"256",10,300
g80sh-exp-ulps90.etl,2026-09-24 05:27:33.570460,1099,"257",8,301
g80sh-exp-ulps90.etl,2026-09-24 05:27:33.570464,1099,"258",8,302
g80sh-exp-ulps90.etl,2026-09-24 05:27:33.570469,1099,"259",8,303
g80sh-exp-ulps90.etl,2026-09-24 05:27:33.570477,1099,"260",10,304
g80sh-exp-ulps90.etl,2026-09-24 05:27:33.570484,1099,"261",8,305
g80sh-exp-ulps90.etl,2026-09-24 05:27:33.570488,1099,"262",8,306
g80sh-exp-ulps90.etl,2026-09-24 05:27:33.570493,1099,"263",8,307
g80sh-exp-ulps90.etl,2026-09-24 05:27:33.570498,1099,"264",8,308
g80sh-exp-ulps90.etl,2026-09-24 05:27:33.570506,1099,"265",10,309
g80sh-exp-ulps90.etl,2026-09-24 05:27:33.570513,1099,"266",8,310
g80sh-exp-ulps90.etl,2026-09-24 05:27:33.570515,1099,"0",0,0
g80sh-exp-ulps90.etl,2026-09-24 05:27:34.960253,1099,"260",8,311
g80sh-exp-ulps90.etl,2026-09-24 05:27:34.960378,1099,"260",10,312
g80sh-exp-ulps90.etl,2026-09-24 05:27:34.960466,220,"GPU",,
g80sh-exp-ulps90.etl,2026-09-24 05:27:34.985109,1099,"0",0,0
g80sh-exp-ulps90.etl,2026-09-24 05:27:34.997167,1010,"DISPLAY\SAM7B0C\7&16b8ddb4&0&UID260",,
g80sh-exp-ulps90.etl,2026-09-24 05:27:35.063538,1099,"0",0,0
g80sh-exp-ulps90.etl,2026-09-24 05:27:35.323923,1099,"260",8,313
g80sh-exp-ulps90.etl,2026-09-24 05:27:35.323989,1099,"0",0,0
g80sh-exp-ulps90.etl,2026-09-24 05:27:35.324099,220,"GPU",,
g80sh-exp-ulps90.etl,2026-09-24 05:27:35.379476,1010,"DISPLAY\Default_Monitor\7&16b8ddb4&0&UID260",,
g80sh-exp-ulps90.etl,2026-09-24 05:27:35.413220,1099,"0",0,0
g80sh-exp-ulps90.etl,2026-09-24 05:27:38.652085,1099,"260",10,314
g80sh-exp-ulps90.etl,2026-09-24 05:27:38.884247,1099,"0",0,0
g80sh-exp-ulps90.etl,2026-09-24 05:27:38.884339,220,"GPU",,
g80sh-exp-ulps90.etl,2026-09-24 05:27:38.916333,1099,"0",0,0
g80sh-exp-ulps90.etl,2026-09-24 05:28:08.452460,1099,"256",10,315
g80sh-exp-ulps90.etl,2026-09-24 05:28:08.452475,1099,"257",8,316
g80sh-exp-ulps90.etl,2026-09-24 05:28:08.452480,1099,"258",8,317
g80sh-exp-ulps90.etl,2026-09-24 05:28:08.452485,1099,"259",8,318
g80sh-exp-ulps90.etl,2026-09-24 05:28:08.452500,1099,"260",10,319
g80sh-exp-ulps90.etl,2026-09-24 05:28:08.452507,1099,"261",8,320
g80sh-exp-ulps90.etl,2026-09-24 05:28:08.452511,1099,"262",8,321
g80sh-exp-ulps90.etl,2026-09-24 05:28:08.452516,1099,"263",8,322
g80sh-exp-ulps90.etl,2026-09-24 05:28:08.452521,1099,"264",8,323
g80sh-exp-ulps90.etl,2026-09-24 05:28:08.452531,1099,"265",10,324
g80sh-exp-ulps90.etl,2026-09-24 05:28:08.452538,1099,"266",8,325
g80sh-exp-ulps90.etl,2026-09-24 05:28:08.452540,1099,"0",0,0
g80sh-exp-ulps90.etl,2026-09-24 05:28:18.799127,1099,"256",10,326
g80sh-exp-ulps90.etl,2026-09-24 05:28:18.799145,1099,"257",8,327
g80sh-exp-ulps90.etl,2026-09-24 05:28:18.799150,1099,"258",8,328
g80sh-exp-ulps90.etl,2026-09-24 05:28:18.799155,1099,"259",8,329
g80sh-exp-ulps90.etl,2026-09-24 05:28:18.799163,1099,"260",10,330
g80sh-exp-ulps90.etl,2026-09-24 05:28:18.799170,1099,"261",8,331
g80sh-exp-ulps90.etl,2026-09-24 05:28:18.799175,1099,"262",8,332
g80sh-exp-ulps90.etl,2026-09-24 05:28:18.799180,1099,"263",8,333
g80sh-exp-ulps90.etl,2026-09-24 05:28:18.799185,1099,"264",8,334
g80sh-exp-ulps90.etl,2026-09-24 05:28:18.799193,1099,"265",10,335
g80sh-exp-ulps90.etl,2026-09-24 05:28:18.799201,1099,"266",8,336
g80sh-exp-ulps90.etl,2026-09-24 05:28:18.799203,1099,"0",0,0
g80sh-exp-ulps90.etl,2026-09-24 05:28:20.192394,1099,"260",8,337
g80sh-exp-ulps90.etl,2026-09-24 05:28:20.192587,1099,"260",10,338
g80sh-exp-ulps90.etl,2026-09-24 05:28:20.192634,220,"GPU",,
g80sh-exp-ulps90.etl,2026-09-24 05:28:20.219149,1099,"0",0,0
g80sh-exp-ulps90.etl,2026-09-24 05:28:20.232290,1010,"DISPLAY\SAM7B0C\7&16b8ddb4&0&UID260",,
g80sh-exp-ulps90.etl,2026-09-24 05:28:20.292916,1099,"0",0,0
g80sh-exp-ulps90.etl,2026-09-24 05:28:20.393808,1099,"260",8,339
g80sh-exp-ulps90.etl,2026-09-24 05:28:20.393874,1099,"0",0,0
g80sh-exp-ulps90.etl,2026-09-24 05:28:20.393931,220,"GPU",,
g80sh-exp-ulps90.etl,2026-09-24 05:28:20.443970,1010,"DISPLAY\Default_Monitor\7&16b8ddb4&0&UID260",,
g80sh-exp-ulps90.etl,2026-09-24 05:28:20.528686,1099,"0",0,0
g80sh-exp-ulps90.etl,2026-09-24 05:28:23.703752,1099,"260",10,340
g80sh-exp-ulps90.etl,2026-09-24 05:28:23.951390,1099,"0",0,0
g80sh-exp-ulps90.etl,2026-09-24 05:28:23.951444,220,"GPU",,
g80sh-exp-ulps90.etl,2026-09-24 05:28:23.980902,1099,"0",0,0
g80sh-exp-ulps90.etl,2026-09-24 05:28:52.232801,1099,"256",10,341
g80sh-exp-ulps90.etl,2026-09-24 05:28:52.232817,1099,"257",8,342
g80sh-exp-ulps90.etl,2026-09-24 05:28:52.232822,1099,"258",8,343
g80sh-exp-ulps90.etl,2026-09-24 05:28:52.232827,1099,"259",8,344
g80sh-exp-ulps90.etl,2026-09-24 05:28:52.232834,1099,"260",10,345
g80sh-exp-ulps90.etl,2026-09-24 05:28:52.232841,1099,"261",8,346
g80sh-exp-ulps90.etl,2026-09-24 05:28:52.232846,1099,"262",8,347
g80sh-exp-ulps90.etl,2026-09-24 05:28:52.232851,1099,"263",8,348
g80sh-exp-ulps90.etl,2026-09-24 05:28:52.232855,1099,"264",8,349
g80sh-exp-ulps90.etl,2026-09-24 05:28:52.232864,1099,"265",10,350
g80sh-exp-ulps90.etl,2026-09-24 05:28:52.232871,1099,"266",8,351
g80sh-exp-ulps90.etl,2026-09-24 05:28:52.232873,1099,"0",0,0
g80sh-exp-ulps90.etl,2026-09-24 05:29:02.567957,1099,"256",10,352
g80sh-exp-ulps90.etl,2026-09-24 05:29:02.567970,1099,"257",8,353
g80sh-exp-ulps90.etl,2026-09-24 05:29:02.567974,1099,"258",8,354
g80sh-exp-ulps90.etl,2026-09-24 05:29:02.567977,1099,"259",8,355
g80sh-exp-ulps90.etl,2026-09-24 05:29:02.567982,1099,"260",10,356
g80sh-exp-ulps90.etl,2026-09-24 05:29:02.567987,1099,"261",8,357
g80sh-exp-ulps90.etl,2026-09-24 05:29:02.567991,1099,"262",8,358
g80sh-exp-ulps90.etl,2026-09-24 05:29:02.567995,1099,"263",8,359
g80sh-exp-ulps90.etl,2026-09-24 05:29:02.567998,1099,"264",8,360
g80sh-exp-ulps90.etl,2026-09-24 05:29:02.568005,1099,"265",10,361
g80sh-exp-ulps90.etl,2026-09-24 05:29:02.568010,1099,"266",8,362
g80sh-exp-ulps90.etl,2026-09-24 05:29:02.568012,1099,"0",0,0
g80sh-exp-ulps90.etl,2026-09-24 05:29:03.967157,1099,"260",8,363
g80sh-exp-ulps90.etl,2026-09-24 05:29:03.967285,1099,"260",10,364
g80sh-exp-ulps90.etl,2026-09-24 05:29:03.967375,220,"GPU",,
g80sh-exp-ulps90.etl,2026-09-24 05:29:03.992279,1099,"0",0,0
g80sh-exp-ulps90.etl,2026-09-24 05:29:04.003611,1010,"DISPLAY\SAM7B0C\7&16b8ddb4&0&UID260",,
g80sh-exp-ulps90.etl,2026-09-24 05:29:04.063214,1099,"0",0,0
g80sh-exp-ulps90.etl,2026-09-24 05:29:04.192323,1099,"260",8,365
g80sh-exp-ulps90.etl,2026-09-24 05:29:04.192386,1099,"0",0,0
g80sh-exp-ulps90.etl,2026-09-24 05:29:04.192508,220,"GPU",,
g80sh-exp-ulps90.etl,2026-09-24 05:29:04.248461,1010,"DISPLAY\Default_Monitor\7&16b8ddb4&0&UID260",,
g80sh-exp-ulps90.etl,2026-09-24 05:29:04.316239,1099,"0",0,0
g80sh-exp-ulps90.etl,2026-09-24 05:29:07.520072,1099,"260",10,366
g80sh-exp-ulps90.etl,2026-09-24 05:29:07.766921,1099,"0",0,0
g80sh-exp-ulps90.etl,2026-09-24 05:29:07.767019,220,"GPU",,
g80sh-exp-ulps90.etl,2026-09-24 05:29:07.794296,1099,"0",0,0
g80sh-exp-ulps90.etl,2026-09-24 05:29:35.745826,1099,"256",10,367
g80sh-exp-ulps90.etl,2026-09-24 05:29:35.745847,1099,"257",8,368
g80sh-exp-ulps90.etl,2026-09-24 05:29:35.745854,1099,"258",8,369
g80sh-exp-ulps90.etl,2026-09-24 05:29:35.745860,1099,"259",8,370
g80sh-exp-ulps90.etl,2026-09-24 05:29:35.745868,1099,"260",10,371
g80sh-exp-ulps90.etl,2026-09-24 05:29:35.745877,1099,"261",8,372
g80sh-exp-ulps90.etl,2026-09-24 05:29:35.745883,1099,"262",8,373
g80sh-exp-ulps90.etl,2026-09-24 05:29:35.745889,1099,"263",8,374
g80sh-exp-ulps90.etl,2026-09-24 05:29:35.745895,1099,"264",8,375
g80sh-exp-ulps90.etl,2026-09-24 05:29:35.745906,1099,"265",10,376
g80sh-exp-ulps90.etl,2026-09-24 05:29:35.745915,1099,"266",8,377
g80sh-exp-ulps90.etl,2026-09-24 05:29:35.745918,1099,"0",0,0
g80sh-exp-ulps90.etl,2026-09-24 05:29:46.066157,1099,"256",10,378
g80sh-exp-ulps90.etl,2026-09-24 05:29:46.066173,1099,"257",8,379
g80sh-exp-ulps90.etl,2026-09-24 05:29:46.066178,1099,"258",8,380
g80sh-exp-ulps90.etl,2026-09-24 05:29:46.066183,1099,"259",8,381
g80sh-exp-ulps90.etl,2026-09-24 05:29:46.066191,1099,"260",10,382
g80sh-exp-ulps90.etl,2026-09-24 05:29:46.066198,1099,"261",8,383
g80sh-exp-ulps90.etl,2026-09-24 05:29:46.066202,1099,"262",8,384
g80sh-exp-ulps90.etl,2026-09-24 05:29:46.066207,1099,"263",8,385
g80sh-exp-ulps90.etl,2026-09-24 05:29:46.066212,1099,"264",8,386
g80sh-exp-ulps90.etl,2026-09-24 05:29:46.066220,1099,"265",10,387
g80sh-exp-ulps90.etl,2026-09-24 05:29:46.066228,1099,"266",8,388
g80sh-exp-ulps90.etl,2026-09-24 05:29:46.066230,1099,"0",0,0
g80sh-exp-ulps90.etl,2026-09-24 05:29:47.475984,1099,"260",8,389
g80sh-exp-ulps90.etl,2026-09-24 05:29:47.476118,1099,"260",10,390
g80sh-exp-ulps90.etl,2026-09-24 05:29:47.476228,220,"GPU",,
g80sh-exp-ulps90.etl,2026-09-24 05:29:47.501039,1099,"0",0,0
g80sh-exp-ulps90.etl,2026-09-24 05:29:47.515632,1010,"DISPLAY\SAM7B0C\7&16b8ddb4&0&UID260",,
g80sh-exp-ulps90.etl,2026-09-24 05:29:47.574733,1099,"0",0,0
g80sh-exp-ulps90.etl,2026-09-24 05:29:47.680910,1099,"260",8,391
g80sh-exp-ulps90.etl,2026-09-24 05:29:47.680967,1099,"0",0,0
g80sh-exp-ulps90.etl,2026-09-24 05:29:47.681074,220,"GPU",,
g80sh-exp-ulps90.etl,2026-09-24 05:29:47.725602,1010,"DISPLAY\Default_Monitor\7&16b8ddb4&0&UID260",,
g80sh-exp-ulps90.etl,2026-09-24 05:29:47.810598,1099,"0",0,0
g80sh-exp-ulps90.etl,2026-09-24 05:29:50.576215,1099,"260",10,392
g80sh-exp-ulps90.etl,2026-09-24 05:29:50.822969,1099,"0",0,0
g80sh-exp-ulps90.etl,2026-09-24 05:29:50.823021,220,"GPU",,
g80sh-exp-ulps90.etl,2026-09-24 05:29:50.854568,1099,"0",0,0
g80sh-exp-ulps90.etl,2026-09-24 05:30:19.375754,1099,"256",10,393
g80sh-exp-ulps90.etl,2026-09-24 05:30:19.375769,1099,"257",8,394
g80sh-exp-ulps90.etl,2026-09-24 05:30:19.375774,1099,"258",8,395
g80sh-exp-ulps90.etl,2026-09-24 05:30:19.375779,1099,"259",8,396
g80sh-exp-ulps90.etl,2026-09-24 05:30:19.375786,1099,"260",10,397
g80sh-exp-ulps90.etl,2026-09-24 05:30:19.375794,1099,"261",8,398
g80sh-exp-ulps90.etl,2026-09-24 05:30:19.375798,1099,"262",8,399
g80sh-exp-ulps90.etl,2026-09-24 05:30:19.375803,1099,"263",8,400
g80sh-exp-ulps90.etl,2026-09-24 05:30:19.375808,1099,"264",8,401
g80sh-exp-ulps90.etl,2026-09-24 05:30:19.375816,1099,"265",10,402
g80sh-exp-ulps90.etl,2026-09-24 05:30:19.375823,1099,"266",8,403
g80sh-exp-ulps90.etl,2026-09-24 05:30:19.375825,1099,"0",0,0
g80sh-exp-ulps90.etl,2026-09-24 05:30:29.692449,1099,"256",10,404
g80sh-exp-ulps90.etl,2026-09-24 05:30:29.692463,1099,"257",8,405
g80sh-exp-ulps90.etl,2026-09-24 05:30:29.692466,1099,"258",8,406
g80sh-exp-ulps90.etl,2026-09-24 05:30:29.692470,1099,"259",8,407
g80sh-exp-ulps90.etl,2026-09-24 05:30:29.692475,1099,"260",10,408
g80sh-exp-ulps90.etl,2026-09-24 05:30:29.692480,1099,"261",8,409
g80sh-exp-ulps90.etl,2026-09-24 05:30:29.692484,1099,"262",8,410
g80sh-exp-ulps90.etl,2026-09-24 05:30:29.692487,1099,"263",8,411
g80sh-exp-ulps90.etl,2026-09-24 05:30:29.692490,1099,"264",8,412
g80sh-exp-ulps90.etl,2026-09-24 05:30:29.692497,1099,"265",10,413
g80sh-exp-ulps90.etl,2026-09-24 05:30:29.692502,1099,"266",8,414
g80sh-exp-ulps90.etl,2026-09-24 05:30:29.692504,1099,"0",0,0
g80sh-exp-ulps90.etl,2026-09-24 05:30:31.080251,1099,"260",8,415
g80sh-exp-ulps90.etl,2026-09-24 05:30:31.080436,1099,"260",10,416
g80sh-exp-ulps90.etl,2026-09-24 05:30:31.080490,220,"GPU",,
g80sh-exp-ulps90.etl,2026-09-24 05:30:31.107549,1099,"0",0,0
g80sh-exp-ulps90.etl,2026-09-24 05:30:31.118859,1010,"DISPLAY\SAM7B0C\7&16b8ddb4&0&UID260",,
g80sh-exp-ulps90.etl,2026-09-24 05:30:31.179136,1099,"0",0,0
g80sh-exp-ulps90.etl,2026-09-24 05:30:31.294279,1099,"260",8,417
g80sh-exp-ulps90.etl,2026-09-24 05:30:31.294345,1099,"0",0,0
g80sh-exp-ulps90.etl,2026-09-24 05:30:31.294402,220,"GPU",,
g80sh-exp-ulps90.etl,2026-09-24 05:30:31.330233,1010,"DISPLAY\Default_Monitor\7&16b8ddb4&0&UID260",,
g80sh-exp-ulps90.etl,2026-09-24 05:30:31.414073,1099,"0",0,0
g80sh-exp-ulps90.etl,2026-09-24 05:30:34.605954,1099,"260",10,418
g80sh-exp-ulps90.etl,2026-09-24 05:30:34.855654,1099,"0",0,0
g80sh-exp-ulps90.etl,2026-09-24 05:30:34.855701,220,"GPU",,
g80sh-exp-ulps90.etl,2026-09-24 05:30:34.883089,1099,"0",0,0
g80sh-exp-ulps90.etl,2026-09-24 05:31:03.029989,1099,"256",10,419
g80sh-exp-ulps90.etl,2026-09-24 05:31:03.030004,1099,"257",8,420
g80sh-exp-ulps90.etl,2026-09-24 05:31:03.030007,1099,"258",8,421
g80sh-exp-ulps90.etl,2026-09-24 05:31:03.030011,1099,"259",8,422
g80sh-exp-ulps90.etl,2026-09-24 05:31:03.030016,1099,"260",10,423
g80sh-exp-ulps90.etl,2026-09-24 05:31:03.030021,1099,"261",8,424
g80sh-exp-ulps90.etl,2026-09-24 05:31:03.030025,1099,"262",8,425
g80sh-exp-ulps90.etl,2026-09-24 05:31:03.030028,1099,"263",8,426
g80sh-exp-ulps90.etl,2026-09-24 05:31:03.030031,1099,"264",8,427
g80sh-exp-ulps90.etl,2026-09-24 05:31:03.030038,1099,"265",10,428
g80sh-exp-ulps90.etl,2026-09-24 05:31:03.030043,1099,"266",8,429
g80sh-exp-ulps90.etl,2026-09-24 05:31:03.030045,1099,"0",0,0
g80sh-exp-ulps90.etl,2026-09-24 05:31:13.350614,1099,"256",10,430
g80sh-exp-ulps90.etl,2026-09-24 05:31:13.350628,1099,"257",8,431
g80sh-exp-ulps90.etl,2026-09-24 05:31:13.350632,1099,"258",8,432
g80sh-exp-ulps90.etl,2026-09-24 05:31:13.350636,1099,"259",8,433
g80sh-exp-ulps90.etl,2026-09-24 05:31:13.350641,1099,"260",10,434
g80sh-exp-ulps90.etl,2026-09-24 05:31:13.350647,1099,"261",8,435
g80sh-exp-ulps90.etl,2026-09-24 05:31:13.350651,1099,"262",8,436
g80sh-exp-ulps90.etl,2026-09-24 05:31:13.350654,1099,"263",8,437
g80sh-exp-ulps90.etl,2026-09-24 05:31:13.350657,1099,"264",8,438
g80sh-exp-ulps90.etl,2026-09-24 05:31:13.350664,1099,"265",10,439
g80sh-exp-ulps90.etl,2026-09-24 05:31:13.350669,1099,"266",8,440
g80sh-exp-ulps90.etl,2026-09-24 05:31:13.350671,1099,"0",0,0
g80sh-exp-ulps90.etl,2026-09-24 05:31:14.737535,1099,"260",8,441
g80sh-exp-ulps90.etl,2026-09-24 05:31:14.737651,1099,"260",10,442
g80sh-exp-ulps90.etl,2026-09-24 05:31:14.737709,220,"GPU",,
g80sh-exp-ulps90.etl,2026-09-24 05:31:14.764075,1099,"0",0,0
g80sh-exp-ulps90.etl,2026-09-24 05:31:14.779666,1010,"DISPLAY\SAM7B0C\7&16b8ddb4&0&UID260",,
g80sh-exp-ulps90.etl,2026-09-24 05:31:14.840557,1099,"0",0,0
g80sh-exp-ulps90.etl,2026-09-24 05:31:15.092032,1099,"260",8,443
g80sh-exp-ulps90.etl,2026-09-24 05:31:15.092106,1099,"0",0,0
g80sh-exp-ulps90.etl,2026-09-24 05:31:15.092163,220,"GPU",,
g80sh-exp-ulps90.etl,2026-09-24 05:31:15.141544,1010,"DISPLAY\Default_Monitor\7&16b8ddb4&0&UID260",,
g80sh-exp-ulps90.etl,2026-09-24 05:31:15.175401,1099,"0",0,0
g80sh-exp-ulps90.etl,2026-09-24 05:31:18.422840,1099,"260",10,444
g80sh-exp-ulps90.etl,2026-09-24 05:31:18.670258,1099,"0",0,0
g80sh-exp-ulps90.etl,2026-09-24 05:31:18.670321,220,"GPU",,
g80sh-exp-ulps90.etl,2026-09-24 05:31:18.700554,1099,"0",0,0
g80sh-exp-ulps90.etl,2026-09-24 05:31:46.559843,1099,"256",10,445
g80sh-exp-ulps90.etl,2026-09-24 05:31:46.559858,1099,"257",8,446
g80sh-exp-ulps90.etl,2026-09-24 05:31:46.559863,1099,"258",8,447
g80sh-exp-ulps90.etl,2026-09-24 05:31:46.559868,1099,"259",8,448
g80sh-exp-ulps90.etl,2026-09-24 05:31:46.559875,1099,"260",10,449
g80sh-exp-ulps90.etl,2026-09-24 05:31:46.559882,1099,"261",8,450
g80sh-exp-ulps90.etl,2026-09-24 05:31:46.559886,1099,"262",8,451
g80sh-exp-ulps90.etl,2026-09-24 05:31:46.559891,1099,"263",8,452
g80sh-exp-ulps90.etl,2026-09-24 05:31:46.559896,1099,"264",8,453
g80sh-exp-ulps90.etl,2026-09-24 05:31:46.559904,1099,"265",10,454
g80sh-exp-ulps90.etl,2026-09-24 05:31:46.559911,1099,"266",8,455
g80sh-exp-ulps90.etl,2026-09-24 05:31:46.559913,1099,"0",0,0
g80sh-exp-ulps90.etl,2026-09-24 05:31:56.892240,1099,"256",10,456
g80sh-exp-ulps90.etl,2026-09-24 05:31:56.892255,1099,"257",8,457
g80sh-exp-ulps90.etl,2026-09-24 05:31:56.892260,1099,"258",8,458
g80sh-exp-ulps90.etl,2026-09-24 05:31:56.892265,1099,"259",8,459
g80sh-exp-ulps90.etl,2026-09-24 05:31:56.892272,1099,"260",10,460
g80sh-exp-ulps90.etl,2026-09-24 05:31:56.892279,1099,"261",8,461
g80sh-exp-ulps90.etl,2026-09-24 05:31:56.892284,1099,"262",8,462
g80sh-exp-ulps90.etl,2026-09-24 05:31:56.892289,1099,"263",8,463
g80sh-exp-ulps90.etl,2026-09-24 05:31:56.892294,1099,"264",8,464
g80sh-exp-ulps90.etl,2026-09-24 05:31:56.892302,1099,"265",10,465
g80sh-exp-ulps90.etl,2026-09-24 05:31:56.892309,1099,"266",8,466
g80sh-exp-ulps90.etl,2026-09-24 05:31:56.892311,1099,"0",0,0
g80sh-exp-ulps90.etl,2026-09-24 05:31:58.276994,1099,"260",8,467
g80sh-exp-ulps90.etl,2026-09-24 05:31:58.277101,1099,"260",10,468
g80sh-exp-ulps90.etl,2026-09-24 05:31:58.277199,220,"GPU",,
g80sh-exp-ulps90.etl,2026-09-24 05:31:58.303217,1099,"0",0,0
g80sh-exp-ulps90.etl,2026-09-24 05:31:58.313902,1010,"DISPLAY\SAM7B0C\7&16b8ddb4&0&UID260",,
g80sh-exp-ulps90.etl,2026-09-24 05:31:58.374168,1099,"0",0,0
g80sh-exp-ulps90.etl,2026-09-24 05:31:58.535225,1099,"260",8,469
g80sh-exp-ulps90.etl,2026-09-24 05:31:58.535287,1099,"0",0,0
g80sh-exp-ulps90.etl,2026-09-24 05:31:58.535339,220,"GPU",,
g80sh-exp-ulps90.etl,2026-09-24 05:31:58.590275,1010,"DISPLAY\Default_Monitor\7&16b8ddb4&0&UID260",,
g80sh-exp-ulps90.etl,2026-09-24 05:31:58.640919,1099,"0",0,0
g80sh-exp-ulps90.etl,2026-09-24 05:32:01.860553,1099,"260",10,470
g80sh-exp-ulps90.etl,2026-09-24 05:32:02.106719,1099,"0",0,0
g80sh-exp-ulps90.etl,2026-09-24 05:32:02.106770,220,"GPU",,
g80sh-exp-ulps90.etl,2026-09-24 05:32:02.133007,1099,"0",0,0
g80sh-exp-ulps90.etl,2026-09-24 05:32:32.460401,1099,"256",10,471
g80sh-exp-ulps90.etl,2026-09-24 05:32:32.460416,1099,"257",8,472
g80sh-exp-ulps90.etl,2026-09-24 05:32:32.460421,1099,"258",8,473
g80sh-exp-ulps90.etl,2026-09-24 05:32:32.460426,1099,"259",8,474
g80sh-exp-ulps90.etl,2026-09-24 05:32:32.460433,1099,"260",10,475
g80sh-exp-ulps90.etl,2026-09-24 05:32:32.460441,1099,"261",8,476
g80sh-exp-ulps90.etl,2026-09-24 05:32:32.460445,1099,"262",8,477
g80sh-exp-ulps90.etl,2026-09-24 05:32:32.460450,1099,"263",8,478
g80sh-exp-ulps90.etl,2026-09-24 05:32:32.460455,1099,"264",8,479
g80sh-exp-ulps90.etl,2026-09-24 05:32:32.460464,1099,"265",10,480
g80sh-exp-ulps90.etl,2026-09-24 05:32:32.460471,1099,"266",8,481
g80sh-exp-ulps90.etl,2026-09-24 05:32:32.460473,1099,"0",0,0
g80sh-exp-ulps90.etl,2026-09-24 05:32:42.798578,1099,"256",10,482
g80sh-exp-ulps90.etl,2026-09-24 05:32:42.798593,1099,"257",8,483
g80sh-exp-ulps90.etl,2026-09-24 05:32:42.798598,1099,"258",8,484
g80sh-exp-ulps90.etl,2026-09-24 05:32:42.798603,1099,"259",8,485
g80sh-exp-ulps90.etl,2026-09-24 05:32:42.798610,1099,"260",10,486
g80sh-exp-ulps90.etl,2026-09-24 05:32:42.798617,1099,"261",8,487
g80sh-exp-ulps90.etl,2026-09-24 05:32:42.798622,1099,"262",8,488
g80sh-exp-ulps90.etl,2026-09-24 05:32:42.798626,1099,"263",8,489
g80sh-exp-ulps90.etl,2026-09-24 05:32:42.798631,1099,"264",8,490
g80sh-exp-ulps90.etl,2026-09-24 05:32:42.798639,1099,"265",10,491
g80sh-exp-ulps90.etl,2026-09-24 05:32:42.798647,1099,"266",8,492
g80sh-exp-ulps90.etl,2026-09-24 05:32:42.798648,1099,"0",0,0
g80sh-exp-ulps90.etl,2026-09-24 05:32:44.187187,1099,"260",8,493
g80sh-exp-ulps90.etl,2026-09-24 05:32:44.187306,1099,"260",10,494
g80sh-exp-ulps90.etl,2026-09-24 05:32:44.187357,220,"GPU",,
g80sh-exp-ulps90.etl,2026-09-24 05:32:44.212665,1099,"0",0,0
g80sh-exp-ulps90.etl,2026-09-24 05:32:44.223757,1010,"DISPLAY\SAM7B0C\7&16b8ddb4&0&UID260",,
g80sh-exp-ulps90.etl,2026-09-24 05:32:44.284757,1099,"0",0,0
g80sh-exp-ulps90.etl,2026-09-24 05:32:44.396603,1099,"260",8,495
g80sh-exp-ulps90.etl,2026-09-24 05:32:44.396664,1099,"0",0,0
g80sh-exp-ulps90.etl,2026-09-24 05:32:44.396718,220,"GPU",,
g80sh-exp-ulps90.etl,2026-09-24 05:32:44.451837,1010,"DISPLAY\Default_Monitor\7&16b8ddb4&0&UID260",,
g80sh-exp-ulps90.etl,2026-09-24 05:32:44.519355,1099,"0",0,0
g80sh-exp-ulps90.etl,2026-09-24 05:32:47.302891,1099,"260",10,496
g80sh-exp-ulps90.etl,2026-09-24 05:32:47.549908,1099,"0",0,0
g80sh-exp-ulps90.etl,2026-09-24 05:32:47.550019,220,"GPU",,
g80sh-exp-ulps90.etl,2026-09-24 05:32:47.578528,1099,"0",0,0
g80sh-exp-ulps90.etl,2026-09-24 05:33:16.418984,1099,"256",10,497
g80sh-exp-ulps90.etl,2026-09-24 05:33:16.419000,1099,"257",8,498
g80sh-exp-ulps90.etl,2026-09-24 05:33:16.419005,1099,"258",8,499
g80sh-exp-ulps90.etl,2026-09-24 05:33:16.419010,1099,"259",8,500
g80sh-exp-ulps90.etl,2026-09-24 05:33:16.419017,1099,"260",10,501
g80sh-exp-ulps90.etl,2026-09-24 05:33:16.419024,1099,"261",8,502
g80sh-exp-ulps90.etl,2026-09-24 05:33:16.419029,1099,"262",8,503
g80sh-exp-ulps90.etl,2026-09-24 05:33:16.419034,1099,"263",8,504
g80sh-exp-ulps90.etl,2026-09-24 05:33:16.419038,1099,"264",8,505
g80sh-exp-ulps90.etl,2026-09-24 05:33:16.419047,1099,"265",10,506
g80sh-exp-ulps90.etl,2026-09-24 05:33:16.419054,1099,"266",8,507
g80sh-exp-ulps90.etl,2026-09-24 05:33:16.419056,1099,"0",0,0
g80sh-exp-ulps90.etl,2026-09-24 05:33:26.744746,1099,"256",10,508
g80sh-exp-ulps90.etl,2026-09-24 05:33:26.744761,1099,"257",8,509
g80sh-exp-ulps90.etl,2026-09-24 05:33:26.744766,1099,"258",8,510
g80sh-exp-ulps90.etl,2026-09-24 05:33:26.744771,1099,"259",8,511
g80sh-exp-ulps90.etl,2026-09-24 05:33:26.744778,1099,"260",10,512
g80sh-exp-ulps90.etl,2026-09-24 05:33:26.744785,1099,"261",8,513
g80sh-exp-ulps90.etl,2026-09-24 05:33:26.744790,1099,"262",8,514
g80sh-exp-ulps90.etl,2026-09-24 05:33:26.744794,1099,"263",8,515
g80sh-exp-ulps90.etl,2026-09-24 05:33:26.744799,1099,"264",8,516
g80sh-exp-ulps90.etl,2026-09-24 05:33:26.744808,1099,"265",10,517
g80sh-exp-ulps90.etl,2026-09-24 05:33:26.744815,1099,"266",8,518
g80sh-exp-ulps90.etl,2026-09-24 05:33:26.744817,1099,"0",0,0
g80sh-exp-ulps90.etl,2026-09-24 05:33:28.134589,1099,"260",8,519
g80sh-exp-ulps90.etl,2026-09-24 05:33:28.134713,1099,"260",10,520
g80sh-exp-ulps90.etl,2026-09-24 05:33:28.134770,220,"GPU",,
g80sh-exp-ulps90.etl,2026-09-24 05:33:28.161958,1099,"0",0,0
g80sh-exp-ulps90.etl,2026-09-24 05:33:28.175051,1010,"DISPLAY\SAM7B0C\7&16b8ddb4&0&UID260",,
g80sh-exp-ulps90.etl,2026-09-24 05:33:28.233900,1099,"0",0,0
g80sh-exp-ulps90.etl,2026-09-24 05:33:28.362103,1099,"260",8,521
g80sh-exp-ulps90.etl,2026-09-24 05:33:28.362160,1099,"0",0,0
g80sh-exp-ulps90.etl,2026-09-24 05:33:28.362219,220,"GPU",,
g80sh-exp-ulps90.etl,2026-09-24 05:33:28.418198,1010,"DISPLAY\Default_Monitor\7&16b8ddb4&0&UID260",,
g80sh-exp-ulps90.etl,2026-09-24 05:33:28.468907,1099,"0",0,0
g80sh-exp-ulps90.etl,2026-09-24 05:33:31.688450,1099,"260",10,522
g80sh-exp-ulps90.etl,2026-09-24 05:33:31.920265,1099,"0",0,0
g80sh-exp-ulps90.etl,2026-09-24 05:33:31.920331,220,"GPU",,
g80sh-exp-ulps90.etl,2026-09-24 05:33:31.951076,1099,"0",0,0
g80sh-exp-ulps90.etl,2026-09-24 05:34:02.570848,1099,"256",10,523
g80sh-exp-ulps90.etl,2026-09-24 05:34:02.570862,1099,"257",8,524
g80sh-exp-ulps90.etl,2026-09-24 05:34:02.570866,1099,"258",8,525
g80sh-exp-ulps90.etl,2026-09-24 05:34:02.570869,1099,"259",8,526
g80sh-exp-ulps90.etl,2026-09-24 05:34:02.570874,1099,"260",10,527
g80sh-exp-ulps90.etl,2026-09-24 05:34:02.570880,1099,"261",8,528
g80sh-exp-ulps90.etl,2026-09-24 05:34:02.570884,1099,"262",8,529
g80sh-exp-ulps90.etl,2026-09-24 05:34:02.570887,1099,"263",8,530
g80sh-exp-ulps90.etl,2026-09-24 05:34:02.570890,1099,"264",8,531
g80sh-exp-ulps90.etl,2026-09-24 05:34:02.570897,1099,"265",10,532
g80sh-exp-ulps90.etl,2026-09-24 05:34:02.570904,1099,"266",8,533
g80sh-exp-ulps90.etl,2026-09-24 05:34:02.570906,1099,"0",0,0
g80sh-exp-ulps90.etl,2026-09-24 05:34:12.927473,1099,"256",10,534
g80sh-exp-ulps90.etl,2026-09-24 05:34:12.927488,1099,"257",8,535
g80sh-exp-ulps90.etl,2026-09-24 05:34:12.927493,1099,"258",8,536
g80sh-exp-ulps90.etl,2026-09-24 05:34:12.927498,1099,"259",8,537
g80sh-exp-ulps90.etl,2026-09-24 05:34:12.927505,1099,"260",10,538
g80sh-exp-ulps90.etl,2026-09-24 05:34:12.927512,1099,"261",8,539
g80sh-exp-ulps90.etl,2026-09-24 05:34:12.927517,1099,"262",8,540
g80sh-exp-ulps90.etl,2026-09-24 05:34:12.927522,1099,"263",8,541
g80sh-exp-ulps90.etl,2026-09-24 05:34:12.927527,1099,"264",8,542
g80sh-exp-ulps90.etl,2026-09-24 05:34:12.927535,1099,"265",10,543
g80sh-exp-ulps90.etl,2026-09-24 05:34:12.927542,1099,"266",8,544
g80sh-exp-ulps90.etl,2026-09-24 05:34:12.927544,1099,"0",0,0
g80sh-exp-ulps90.etl,2026-09-24 05:34:14.315226,1099,"260",8,545
g80sh-exp-ulps90.etl,2026-09-24 05:34:14.315337,1099,"260",10,546
g80sh-exp-ulps90.etl,2026-09-24 05:34:14.315466,220,"GPU",,
g80sh-exp-ulps90.etl,2026-09-24 05:34:14.340822,1099,"0",0,0
g80sh-exp-ulps90.etl,2026-09-24 05:34:14.356477,1010,"DISPLAY\SAM7B0C\7&16b8ddb4&0&UID260",,
g80sh-exp-ulps90.etl,2026-09-24 05:34:14.413543,1099,"0",0,0
g80sh-exp-ulps90.etl,2026-09-24 05:34:14.685235,1099,"260",8,547
g80sh-exp-ulps90.etl,2026-09-24 05:34:14.685297,1099,"0",0,0
g80sh-exp-ulps90.etl,2026-09-24 05:34:14.685358,220,"GPU",,
g80sh-exp-ulps90.etl,2026-09-24 05:34:14.731716,1010,"DISPLAY\Default_Monitor\7&16b8ddb4&0&UID260",,
g80sh-exp-ulps90.etl,2026-09-24 05:34:14.793956,1099,"256",10,548
g80sh-exp-ulps90.etl,2026-09-24 05:34:14.793966,1099,"257",8,549
g80sh-exp-ulps90.etl,2026-09-24 05:34:14.793969,1099,"258",8,550
g80sh-exp-ulps90.etl,2026-09-24 05:34:14.793973,1099,"259",8,551
g80sh-exp-ulps90.etl,2026-09-24 05:34:14.793976,1099,"260",8,552
g80sh-exp-ulps90.etl,2026-09-24 05:34:14.793979,1099,"261",8,553
g80sh-exp-ulps90.etl,2026-09-24 05:34:14.793982,1099,"262",8,554
g80sh-exp-ulps90.etl,2026-09-24 05:34:14.793985,1099,"263",8,555
g80sh-exp-ulps90.etl,2026-09-24 05:34:14.793988,1099,"264",8,556
g80sh-exp-ulps90.etl,2026-09-24 05:34:14.793995,1099,"265",10,557
g80sh-exp-ulps90.etl,2026-09-24 05:34:14.794000,1099,"266",8,558
g80sh-exp-ulps90.etl,2026-09-24 05:34:14.794001,1099,"0",0,0
g80sh-exp-ulps90.etl,2026-09-24 05:34:14.849096,1099,"0",0,0
g80sh-exp-ulps90.etl,2026-09-24 05:34:18.023159,1099,"260",10,559
g80sh-exp-ulps90.etl,2026-09-24 05:34:18.254957,1099,"0",0,0
g80sh-exp-ulps90.etl,2026-09-24 05:34:18.255005,220,"GPU",,
g80sh-exp-ulps90.etl,2026-09-24 05:34:18.283580,1099,"0",0,0
g80sh-exp-ulps90.etl,2026-09-24 05:34:48.956989,1099,"256",10,560
g80sh-exp-ulps90.etl,2026-09-24 05:34:48.957004,1099,"257",8,561
g80sh-exp-ulps90.etl,2026-09-24 05:34:48.957009,1099,"258",8,562
g80sh-exp-ulps90.etl,2026-09-24 05:34:48.957014,1099,"259",8,563
g80sh-exp-ulps90.etl,2026-09-24 05:34:48.957021,1099,"260",10,564
g80sh-exp-ulps90.etl,2026-09-24 05:34:48.957029,1099,"261",8,565
g80sh-exp-ulps90.etl,2026-09-24 05:34:48.957033,1099,"262",8,566
g80sh-exp-ulps90.etl,2026-09-24 05:34:48.957038,1099,"263",8,567
g80sh-exp-ulps90.etl,2026-09-24 05:34:48.957043,1099,"264",8,568
g80sh-exp-ulps90.etl,2026-09-24 05:34:48.957051,1099,"265",10,569
g80sh-exp-ulps90.etl,2026-09-24 05:34:48.957059,1099,"266",8,570
g80sh-exp-ulps90.etl,2026-09-24 05:34:48.957061,1099,"0",0,0
g80sh-exp-ulps90.etl,2026-09-24 05:34:59.279284,1099,"256",10,571
g80sh-exp-ulps90.etl,2026-09-24 05:34:59.279298,1099,"257",8,572
g80sh-exp-ulps90.etl,2026-09-24 05:34:59.279301,1099,"258",8,573
g80sh-exp-ulps90.etl,2026-09-24 05:34:59.279305,1099,"259",8,574
g80sh-exp-ulps90.etl,2026-09-24 05:34:59.279310,1099,"260",10,575
g80sh-exp-ulps90.etl,2026-09-24 05:34:59.279315,1099,"261",8,576
g80sh-exp-ulps90.etl,2026-09-24 05:34:59.279319,1099,"262",8,577
g80sh-exp-ulps90.etl,2026-09-24 05:34:59.279322,1099,"263",8,578
g80sh-exp-ulps90.etl,2026-09-24 05:34:59.279325,1099,"264",8,579
g80sh-exp-ulps90.etl,2026-09-24 05:34:59.279332,1099,"265",10,580
g80sh-exp-ulps90.etl,2026-09-24 05:34:59.279337,1099,"266",8,581
g80sh-exp-ulps90.etl,2026-09-24 05:34:59.279339,1099,"0",0,0
g80sh-exp-ulps90.etl,2026-09-24 05:35:00.673968,1099,"260",8,582
g80sh-exp-ulps90.etl,2026-09-24 05:35:00.674090,1099,"260",10,583
g80sh-exp-ulps90.etl,2026-09-24 05:35:00.674214,220,"GPU",,
g80sh-exp-ulps90.etl,2026-09-24 05:35:00.700538,1099,"0",0,0
g80sh-exp-ulps90.etl,2026-09-24 05:35:00.715071,1010,"DISPLAY\SAM7B0C\7&16b8ddb4&0&UID260",,
g80sh-exp-ulps90.etl,2026-09-24 05:35:00.776022,1099,"0",0,0
g80sh-exp-ulps90.etl,2026-09-24 05:35:00.877615,1099,"260",8,584
g80sh-exp-ulps90.etl,2026-09-24 05:35:00.877668,1099,"0",0,0
g80sh-exp-ulps90.etl,2026-09-24 05:35:00.877727,220,"GPU",,
g80sh-exp-ulps90.etl,2026-09-24 05:35:00.927027,1010,"DISPLAY\Default_Monitor\7&16b8ddb4&0&UID260",,
g80sh-exp-ulps90.etl,2026-09-24 05:35:01.010897,1099,"0",0,0
g80sh-exp-ulps90.etl,2026-09-24 05:35:04.199752,1099,"260",10,585
g80sh-exp-ulps90.etl,2026-09-24 05:35:04.448818,1099,"0",0,0
g80sh-exp-ulps90.etl,2026-09-24 05:35:04.448883,220,"GPU",,
g80sh-exp-ulps90.etl,2026-09-24 05:35:04.477028,1099,"0",0,0
g80sh-exp-ulps90.etl,2026-09-24 05:35:32.439259,1099,"256",10,586
g80sh-exp-ulps90.etl,2026-09-24 05:35:32.439273,1099,"257",8,587
g80sh-exp-ulps90.etl,2026-09-24 05:35:32.439277,1099,"258",8,588
g80sh-exp-ulps90.etl,2026-09-24 05:35:32.439281,1099,"259",8,589
g80sh-exp-ulps90.etl,2026-09-24 05:35:32.439286,1099,"260",10,590
g80sh-exp-ulps90.etl,2026-09-24 05:35:32.439292,1099,"261",8,591
g80sh-exp-ulps90.etl,2026-09-24 05:35:32.439295,1099,"262",8,592
g80sh-exp-ulps90.etl,2026-09-24 05:35:32.439299,1099,"263",8,593
g80sh-exp-ulps90.etl,2026-09-24 05:35:32.439303,1099,"264",8,594
g80sh-exp-ulps90.etl,2026-09-24 05:35:32.439309,1099,"265",10,595
g80sh-exp-ulps90.etl,2026-09-24 05:35:32.439314,1099,"266",8,596
g80sh-exp-ulps90.etl,2026-09-24 05:35:32.439316,1099,"0",0,0
g80sh-exp-ulps90.etl,2026-09-24 05:35:42.763720,1099,"256",10,597
g80sh-exp-ulps90.etl,2026-09-24 05:35:42.763736,1099,"257",8,598
g80sh-exp-ulps90.etl,2026-09-24 05:35:42.763741,1099,"258",8,599
g80sh-exp-ulps90.etl,2026-09-24 05:35:42.763745,1099,"259",8,600
g80sh-exp-ulps90.etl,2026-09-24 05:35:42.763753,1099,"260",10,601
g80sh-exp-ulps90.etl,2026-09-24 05:35:42.763760,1099,"261",8,602
g80sh-exp-ulps90.etl,2026-09-24 05:35:42.763764,1099,"262",8,603
g80sh-exp-ulps90.etl,2026-09-24 05:35:42.763769,1099,"263",8,604
g80sh-exp-ulps90.etl,2026-09-24 05:35:42.763774,1099,"264",8,605
g80sh-exp-ulps90.etl,2026-09-24 05:35:42.763782,1099,"265",10,606
g80sh-exp-ulps90.etl,2026-09-24 05:35:42.763789,1099,"266",8,607
g80sh-exp-ulps90.etl,2026-09-24 05:35:42.763791,1099,"0",0,0
g80sh-exp-ulps90.etl,2026-09-24 05:35:44.161655,1099,"260",8,608
g80sh-exp-ulps90.etl,2026-09-24 05:35:44.161771,1099,"260",10,609
g80sh-exp-ulps90.etl,2026-09-24 05:35:44.161872,220,"GPU",,
g80sh-exp-ulps90.etl,2026-09-24 05:35:44.189049,1099,"0",0,0
g80sh-exp-ulps90.etl,2026-09-24 05:35:44.200165,1010,"DISPLAY\SAM7B0C\7&16b8ddb4&0&UID260",,
g80sh-exp-ulps90.etl,2026-09-24 05:35:44.260585,1099,"0",0,0
g80sh-exp-ulps90.etl,2026-09-24 05:35:44.354212,1099,"260",8,610
g80sh-exp-ulps90.etl,2026-09-24 05:35:44.354277,1099,"0",0,0
g80sh-exp-ulps90.etl,2026-09-24 05:35:44.354336,220,"GPU",,
g80sh-exp-ulps90.etl,2026-09-24 05:35:44.394757,1010,"DISPLAY\Default_Monitor\7&16b8ddb4&0&UID260",,
g80sh-exp-ulps90.etl,2026-09-24 05:35:44.462314,1099,"0",0,0
g80sh-exp-ulps90.etl,2026-09-24 05:35:47.821482,1099,"260",10,611
g80sh-exp-ulps90.etl,2026-09-24 05:35:48.052922,1099,"0",0,0
g80sh-exp-ulps90.etl,2026-09-24 05:35:48.053016,220,"GPU",,
g80sh-exp-ulps90.etl,2026-09-24 05:35:48.080337,1099,"0",0,0
g80sh-exp-ulps90.etl,2026-09-24 05:36:14.831494,1099,"256",10,612
g80sh-exp-ulps90.etl,2026-09-24 05:36:14.831508,1099,"257",8,613
g80sh-exp-ulps90.etl,2026-09-24 05:36:14.831511,1099,"258",8,614
g80sh-exp-ulps90.etl,2026-09-24 05:36:14.831515,1099,"259",8,615
g80sh-exp-ulps90.etl,2026-09-24 05:36:14.831520,1099,"260",10,616
g80sh-exp-ulps90.etl,2026-09-24 05:36:14.831525,1099,"261",8,617
g80sh-exp-ulps90.etl,2026-09-24 05:36:14.831528,1099,"262",8,618
g80sh-exp-ulps90.etl,2026-09-24 05:36:14.831532,1099,"263",8,619
g80sh-exp-ulps90.etl,2026-09-24 05:36:14.831536,1099,"264",8,620
g80sh-exp-ulps90.etl,2026-09-24 05:36:14.831542,1099,"265",10,621
g80sh-exp-ulps90.etl,2026-09-24 05:36:14.831547,1099,"266",8,622
g80sh-exp-ulps90.etl,2026-09-24 05:36:14.831549,1099,"0",0,0
g80sh-exp-ulps90.etl,2026-09-24 05:36:25.148937,1099,"256",10,623
g80sh-exp-ulps90.etl,2026-09-24 05:36:25.148951,1099,"257",8,624
g80sh-exp-ulps90.etl,2026-09-24 05:36:25.148954,1099,"258",8,625
g80sh-exp-ulps90.etl,2026-09-24 05:36:25.148958,1099,"259",8,626
g80sh-exp-ulps90.etl,2026-09-24 05:36:25.148963,1099,"260",10,627
g80sh-exp-ulps90.etl,2026-09-24 05:36:25.148968,1099,"261",8,628
g80sh-exp-ulps90.etl,2026-09-24 05:36:25.148972,1099,"262",8,629
g80sh-exp-ulps90.etl,2026-09-24 05:36:25.148975,1099,"263",8,630
g80sh-exp-ulps90.etl,2026-09-24 05:36:25.148979,1099,"264",8,631
g80sh-exp-ulps90.etl,2026-09-24 05:36:25.148985,1099,"265",10,632
g80sh-exp-ulps90.etl,2026-09-24 05:36:25.148992,1099,"266",8,633
g80sh-exp-ulps90.etl,2026-09-24 05:36:25.148995,1099,"0",0,0
g80sh-exp-ulps90.etl,2026-09-24 05:36:26.540566,1099,"260",8,634
g80sh-exp-ulps90.etl,2026-09-24 05:36:26.540672,1099,"260",10,635
g80sh-exp-ulps90.etl,2026-09-24 05:36:26.540735,220,"GPU",,
g80sh-exp-ulps90.etl,2026-09-24 05:36:26.567448,1099,"0",0,0
g80sh-exp-ulps90.etl,2026-09-24 05:36:26.582692,1010,"DISPLAY\SAM7B0C\7&16b8ddb4&0&UID260",,
g80sh-exp-ulps90.etl,2026-09-24 05:36:26.644049,1099,"0",0,0
g80sh-exp-ulps90.etl,2026-09-24 05:36:26.757317,1099,"260",8,636
g80sh-exp-ulps90.etl,2026-09-24 05:36:26.757384,1099,"0",0,0
g80sh-exp-ulps90.etl,2026-09-24 05:36:26.757444,220,"GPU",,
g80sh-exp-ulps90.etl,2026-09-24 05:36:26.811153,1010,"DISPLAY\Default_Monitor\7&16b8ddb4&0&UID260",,
g80sh-exp-ulps90.etl,2026-09-24 05:36:26.877747,1099,"0",0,0
g80sh-exp-ulps90.etl,2026-09-24 05:36:30.080800,1099,"260",10,637
g80sh-exp-ulps90.etl,2026-09-24 05:36:30.311190,1099,"0",0,0
g80sh-exp-ulps90.etl,2026-09-24 05:36:30.311248,220,"GPU",,
g80sh-exp-ulps90.etl,2026-09-24 05:36:30.342762,1099,"0",0,0
g80sh-exp-ulps90.etl,2026-09-24 05:37:02.610755,1099,"256",10,638
g80sh-exp-ulps90.etl,2026-09-24 05:37:02.610770,1099,"257",8,639
g80sh-exp-ulps90.etl,2026-09-24 05:37:02.610776,1099,"258",8,640
g80sh-exp-ulps90.etl,2026-09-24 05:37:02.610780,1099,"259",8,641
g80sh-exp-ulps90.etl,2026-09-24 05:37:02.610788,1099,"260",10,642
g80sh-exp-ulps90.etl,2026-09-24 05:37:02.610795,1099,"261",8,643
g80sh-exp-ulps90.etl,2026-09-24 05:37:02.610800,1099,"262",8,644
g80sh-exp-ulps90.etl,2026-09-24 05:37:02.610805,1099,"263",8,645
g80sh-exp-ulps90.etl,2026-09-24 05:37:02.610809,1099,"264",8,646
g80sh-exp-ulps90.etl,2026-09-24 05:37:02.610818,1099,"265",10,647
g80sh-exp-ulps90.etl,2026-09-24 05:37:02.610825,1099,"266",8,648
g80sh-exp-ulps90.etl,2026-09-24 05:37:02.610827,1099,"0",0,0
g80sh-exp-ulps90.etl,2026-09-24 05:37:04.027174,1099,"260",8,649
g80sh-exp-ulps90.etl,2026-09-24 05:37:04.027289,1099,"260",10,650
g80sh-exp-ulps90.etl,2026-09-24 05:37:04.027390,220,"GPU",,
g80sh-exp-ulps90.etl,2026-09-24 05:37:04.054212,1099,"0",0,0
g80sh-exp-ulps90.etl,2026-09-24 05:37:04.068285,1010,"DISPLAY\SAM7B0C\7&16b8ddb4&0&UID260",,
g80sh-exp-ulps90.etl,2026-09-24 05:37:04.126948,1099,"0",0,0
g80sh-exp-ulps90.etl,2026-09-24 05:37:04.718695,1099,"260",8,651
g80sh-exp-ulps90.etl,2026-09-24 05:37:04.718756,1099,"0",0,0
g80sh-exp-ulps90.etl,2026-09-24 05:37:04.718815,220,"GPU",,
g80sh-exp-ulps90.etl,2026-09-24 05:37:04.768345,1010,"DISPLAY\Default_Monitor\7&16b8ddb4&0&UID260",,
g80sh-exp-ulps90.etl,2026-09-24 05:37:04.812861,1099,"0",0,0
g80sh-exp-ulps90.etl,2026-09-24 05:37:08.049962,1099,"260",10,652
g80sh-exp-ulps90.etl,2026-09-24 05:37:08.295601,1099,"0",0,0
g80sh-exp-ulps90.etl,2026-09-24 05:37:08.295659,220,"GPU",,
g80sh-exp-ulps90.etl,2026-09-24 05:37:08.323773,1099,"0",0,0
g80sh-exp-ulps90.etl,2026-09-24 05:37:37.977607,1099,"256",10,653
g80sh-exp-ulps90.etl,2026-09-24 05:37:37.977623,1099,"257",8,654
g80sh-exp-ulps90.etl,2026-09-24 05:37:37.977628,1099,"258",8,655
g80sh-exp-ulps90.etl,2026-09-24 05:37:37.977632,1099,"259",8,656
g80sh-exp-ulps90.etl,2026-09-24 05:37:37.977640,1099,"260",10,657
g80sh-exp-ulps90.etl,2026-09-24 05:37:37.977647,1099,"261",8,658
g80sh-exp-ulps90.etl,2026-09-24 05:37:37.977652,1099,"262",8,659
g80sh-exp-ulps90.etl,2026-09-24 05:37:37.977657,1099,"263",8,660
g80sh-exp-ulps90.etl,2026-09-24 05:37:37.977661,1099,"264",8,661
g80sh-exp-ulps90.etl,2026-09-24 05:37:37.977670,1099,"265",10,662
g80sh-exp-ulps90.etl,2026-09-24 05:37:37.977677,1099,"266",8,663
g80sh-exp-ulps90.etl,2026-09-24 05:37:37.977679,1099,"0",0,0
g80sh-exp-ulps90.etl,2026-09-24 05:37:48.303965,1099,"256",10,664
g80sh-exp-ulps90.etl,2026-09-24 05:37:48.303979,1099,"257",8,665
g80sh-exp-ulps90.etl,2026-09-24 05:37:48.303983,1099,"258",8,666
g80sh-exp-ulps90.etl,2026-09-24 05:37:48.303987,1099,"259",8,667
g80sh-exp-ulps90.etl,2026-09-24 05:37:48.303992,1099,"260",10,668
g80sh-exp-ulps90.etl,2026-09-24 05:37:48.303997,1099,"261",8,669
g80sh-exp-ulps90.etl,2026-09-24 05:37:48.304001,1099,"262",8,670
g80sh-exp-ulps90.etl,2026-09-24 05:37:48.304004,1099,"263",8,671
g80sh-exp-ulps90.etl,2026-09-24 05:37:48.304007,1099,"264",8,672
g80sh-exp-ulps90.etl,2026-09-24 05:37:48.304013,1099,"265",10,673
g80sh-exp-ulps90.etl,2026-09-24 05:37:48.304019,1099,"266",8,674
g80sh-exp-ulps90.etl,2026-09-24 05:37:48.304021,1099,"0",0,0
g80sh-exp-ulps90.etl,2026-09-24 05:37:49.689088,1099,"260",8,675
g80sh-exp-ulps90.etl,2026-09-24 05:37:49.689204,1099,"260",10,676
g80sh-exp-ulps90.etl,2026-09-24 05:37:49.689321,220,"GPU",,
g80sh-exp-ulps90.etl,2026-09-24 05:37:49.716731,1099,"0",0,0
g80sh-exp-ulps90.etl,2026-09-24 05:37:49.730534,1010,"DISPLAY\SAM7B0C\7&16b8ddb4&0&UID260",,
g80sh-exp-ulps90.etl,2026-09-24 05:37:49.791678,1099,"0",0,0
g80sh-exp-ulps90.etl,2026-09-24 05:37:49.910765,1099,"260",8,677
g80sh-exp-ulps90.etl,2026-09-24 05:37:49.910824,1099,"0",0,0
g80sh-exp-ulps90.etl,2026-09-24 05:37:49.910878,220,"GPU",,
g80sh-exp-ulps90.etl,2026-09-24 05:37:49.957600,1010,"DISPLAY\Default_Monitor\7&16b8ddb4&0&UID260",,
g80sh-exp-ulps90.etl,2026-09-24 05:37:50.025314,1099,"0",0,0
g80sh-exp-ulps90.etl,2026-09-24 05:37:53.240893,1099,"260",10,678
g80sh-exp-ulps90.etl,2026-09-24 05:37:53.487571,1099,"0",0,0
g80sh-exp-ulps90.etl,2026-09-24 05:37:53.487628,220,"GPU",,
g80sh-exp-ulps90.etl,2026-09-24 05:37:53.518474,1099,"0",0,0
g80sh-exp-ulps90.etl,2026-09-24 05:38:35.330319,1099,"256",10,679
g80sh-exp-ulps90.etl,2026-09-24 05:38:35.330333,1099,"257",8,680
g80sh-exp-ulps90.etl,2026-09-24 05:38:35.330337,1099,"258",8,681
g80sh-exp-ulps90.etl,2026-09-24 05:38:35.330340,1099,"259",8,682
g80sh-exp-ulps90.etl,2026-09-24 05:38:35.330346,1099,"260",10,683
g80sh-exp-ulps90.etl,2026-09-24 05:38:35.330351,1099,"261",8,684
g80sh-exp-ulps90.etl,2026-09-24 05:38:35.330355,1099,"262",8,685
g80sh-exp-ulps90.etl,2026-09-24 05:38:35.330359,1099,"263",8,686
g80sh-exp-ulps90.etl,2026-09-24 05:38:35.330362,1099,"264",8,687
g80sh-exp-ulps90.etl,2026-09-24 05:38:35.330368,1099,"265",10,688
g80sh-exp-ulps90.etl,2026-09-24 05:38:35.330374,1099,"266",8,689
g80sh-exp-ulps90.etl,2026-09-24 05:38:35.330375,1099,"0",0,0
g80sh-exp-ulps90.etl,2026-09-24 05:38:36.737844,1099,"260",8,690
g80sh-exp-ulps90.etl,2026-09-24 05:38:36.737968,1099,"260",10,691
g80sh-exp-ulps90.etl,2026-09-24 05:38:36.738092,220,"GPU",,
g80sh-exp-ulps90.etl,2026-09-24 05:38:36.764701,1099,"0",0,0
g80sh-exp-ulps90.etl,2026-09-24 05:38:36.780626,1010,"DISPLAY\SAM7B0C\7&16b8ddb4&0&UID260",,
g80sh-exp-ulps90.etl,2026-09-24 05:38:36.839172,1099,"0",0,0
g80sh-exp-ulps90.etl,2026-09-24 05:38:36.936505,1099,"260",8,692
g80sh-exp-ulps90.etl,2026-09-24 05:38:36.936586,1099,"0",0,0
g80sh-exp-ulps90.etl,2026-09-24 05:38:36.936630,220,"GPU",,
g80sh-exp-ulps90.etl,2026-09-24 05:38:36.990045,1010,"DISPLAY\Default_Monitor\7&16b8ddb4&0&UID260",,
g80sh-exp-ulps90.etl,2026-09-24 05:38:37.074822,1099,"0",0,0
g80sh-exp-ulps90.etl,2026-09-24 05:38:40.267647,1099,"260",10,693
g80sh-exp-ulps90.etl,2026-09-24 05:38:40.513560,1099,"0",0,0
g80sh-exp-ulps90.etl,2026-09-24 05:38:40.513656,220,"GPU",,
g80sh-exp-ulps90.etl,2026-09-24 05:38:40.541188,1099,"0",0,0
g80sh-exp-ulps90.etl,2026-09-24 05:39:09.180859,1099,"256",10,694
g80sh-exp-ulps90.etl,2026-09-24 05:39:09.180874,1099,"257",8,695
g80sh-exp-ulps90.etl,2026-09-24 05:39:09.180879,1099,"258",8,696
g80sh-exp-ulps90.etl,2026-09-24 05:39:09.180884,1099,"259",8,697
g80sh-exp-ulps90.etl,2026-09-24 05:39:09.180891,1099,"260",10,698
g80sh-exp-ulps90.etl,2026-09-24 05:39:09.180899,1099,"261",8,699
g80sh-exp-ulps90.etl,2026-09-24 05:39:09.180905,1099,"262",8,700
g80sh-exp-ulps90.etl,2026-09-24 05:39:09.180910,1099,"263",8,701
g80sh-exp-ulps90.etl,2026-09-24 05:39:09.180914,1099,"264",8,702
g80sh-exp-ulps90.etl,2026-09-24 05:39:09.180923,1099,"265",10,703
g80sh-exp-ulps90.etl,2026-09-24 05:39:09.180930,1099,"266",8,704
g80sh-exp-ulps90.etl,2026-09-24 05:39:09.180932,1099,"0",0,0
g80sh-exp-ulps90.etl,2026-09-24 05:39:19.522867,1099,"256",10,705
g80sh-exp-ulps90.etl,2026-09-24 05:39:19.522882,1099,"257",8,706
g80sh-exp-ulps90.etl,2026-09-24 05:39:19.522887,1099,"258",8,707
g80sh-exp-ulps90.etl,2026-09-24 05:39:19.522892,1099,"259",8,708
g80sh-exp-ulps90.etl,2026-09-24 05:39:19.522900,1099,"260",10,709
g80sh-exp-ulps90.etl,2026-09-24 05:39:19.522907,1099,"261",8,710
g80sh-exp-ulps90.etl,2026-09-24 05:39:19.522911,1099,"262",8,711
g80sh-exp-ulps90.etl,2026-09-24 05:39:19.522916,1099,"263",8,712
g80sh-exp-ulps90.etl,2026-09-24 05:39:19.522921,1099,"264",8,713
g80sh-exp-ulps90.etl,2026-09-24 05:39:19.522929,1099,"265",10,714
g80sh-exp-ulps90.etl,2026-09-24 05:39:19.522936,1099,"266",8,715
g80sh-exp-ulps90.etl,2026-09-24 05:39:19.522938,1099,"0",0,0
g80sh-exp-ulps90.etl,2026-09-24 05:39:20.915458,1099,"260",8,716
g80sh-exp-ulps90.etl,2026-09-24 05:39:20.915572,1099,"260",10,717
g80sh-exp-ulps90.etl,2026-09-24 05:39:20.915632,220,"GPU",,
g80sh-exp-ulps90.etl,2026-09-24 05:39:20.942611,1099,"0",0,0
g80sh-exp-ulps90.etl,2026-09-24 05:39:20.954234,1010,"DISPLAY\SAM7B0C\7&16b8ddb4&0&UID260",,
g80sh-exp-ulps90.etl,2026-09-24 05:39:21.015907,1099,"0",0,0
g80sh-exp-ulps90.etl,2026-09-24 05:39:21.099977,1099,"260",8,718
g80sh-exp-ulps90.etl,2026-09-24 05:39:21.100028,1099,"0",0,0
g80sh-exp-ulps90.etl,2026-09-24 05:39:21.100077,220,"GPU",,
g80sh-exp-ulps90.etl,2026-09-24 05:39:21.148860,1010,"DISPLAY\Default_Monitor\7&16b8ddb4&0&UID260",,
g80sh-exp-ulps90.etl,2026-09-24 05:39:21.185019,1099,"0",0,0
g80sh-exp-ulps90.etl,2026-09-24 05:39:24.439241,1099,"260",10,719
g80sh-exp-ulps90.etl,2026-09-24 05:39:24.687426,1099,"0",0,0
g80sh-exp-ulps90.etl,2026-09-24 05:39:24.687481,220,"GPU",,
g80sh-exp-ulps90.etl,2026-09-24 05:39:24.716438,1099,"0",0,0
g80sh-exp-ulps90.etl,2026-09-24 05:40:06.595917,1099,"256",10,720
g80sh-exp-ulps90.etl,2026-09-24 05:40:06.595932,1099,"257",8,721
g80sh-exp-ulps90.etl,2026-09-24 05:40:06.595937,1099,"258",8,722
g80sh-exp-ulps90.etl,2026-09-24 05:40:06.595942,1099,"259",8,723
g80sh-exp-ulps90.etl,2026-09-24 05:40:06.595949,1099,"260",10,724
g80sh-exp-ulps90.etl,2026-09-24 05:40:06.595956,1099,"261",8,725
g80sh-exp-ulps90.etl,2026-09-24 05:40:06.595960,1099,"262",8,726
g80sh-exp-ulps90.etl,2026-09-24 05:40:06.595965,1099,"263",8,727
g80sh-exp-ulps90.etl,2026-09-24 05:40:06.595970,1099,"264",8,728
g80sh-exp-ulps90.etl,2026-09-24 05:40:06.595978,1099,"265",10,729
g80sh-exp-ulps90.etl,2026-09-24 05:40:06.595985,1099,"266",8,730
g80sh-exp-ulps90.etl,2026-09-24 05:40:06.595987,1099,"0",0,0
g80sh-exp-ulps90.etl,2026-09-24 05:40:07.988581,1099,"260",8,731
g80sh-exp-ulps90.etl,2026-09-24 05:40:07.988707,1099,"260",10,732
g80sh-exp-ulps90.etl,2026-09-24 05:40:07.988770,220,"GPU",,
g80sh-exp-ulps90.etl,2026-09-24 05:40:08.014197,1099,"0",0,0
g80sh-exp-ulps90.etl,2026-09-24 05:40:08.025436,1010,"DISPLAY\SAM7B0C\7&16b8ddb4&0&UID260",,
g80sh-exp-ulps90.etl,2026-09-24 05:40:08.085211,1099,"0",0,0
g80sh-exp-ulps90.etl,2026-09-24 05:40:08.195394,1099,"260",8,733
g80sh-exp-ulps90.etl,2026-09-24 05:40:08.195454,1099,"0",0,0
g80sh-exp-ulps90.etl,2026-09-24 05:40:08.195503,220,"GPU",,
g80sh-exp-ulps90.etl,2026-09-24 05:40:08.251306,1010,"DISPLAY\Default_Monitor\7&16b8ddb4&0&UID260",,
g80sh-exp-ulps90.etl,2026-09-24 05:40:08.319077,1099,"0",0,0
g80sh-exp-ulps90.etl,2026-09-24 05:40:11.522642,1099,"260",10,734
g80sh-exp-ulps90.etl,2026-09-24 05:40:11.771727,1099,"0",0,0
g80sh-exp-ulps90.etl,2026-09-24 05:40:11.771817,220,"GPU",,
g80sh-exp-ulps90.etl,2026-09-24 05:40:11.808198,1099,"0",0,0
g80sh-exp-ulps90.etl,2026-09-24 05:40:41.594753,1099,"256",10,735
g80sh-exp-ulps90.etl,2026-09-24 05:40:41.594769,1099,"257",8,736
g80sh-exp-ulps90.etl,2026-09-24 05:40:41.594774,1099,"258",8,737
g80sh-exp-ulps90.etl,2026-09-24 05:40:41.594779,1099,"259",8,738
g80sh-exp-ulps90.etl,2026-09-24 05:40:41.594786,1099,"260",10,739
g80sh-exp-ulps90.etl,2026-09-24 05:40:41.594794,1099,"261",8,740
g80sh-exp-ulps90.etl,2026-09-24 05:40:41.594799,1099,"262",8,741
g80sh-exp-ulps90.etl,2026-09-24 05:40:41.594804,1099,"263",8,742
g80sh-exp-ulps90.etl,2026-09-24 05:40:41.594809,1099,"264",8,743
g80sh-exp-ulps90.etl,2026-09-24 05:40:41.594817,1099,"265",10,744
g80sh-exp-ulps90.etl,2026-09-24 05:40:41.594824,1099,"266",8,745
g80sh-exp-ulps90.etl,2026-09-24 05:40:41.594826,1099,"0",0,0
g80sh-exp-ulps90.etl,2026-09-24 05:40:51.937044,1099,"256",10,746
g80sh-exp-ulps90.etl,2026-09-24 05:40:51.937059,1099,"257",8,747
g80sh-exp-ulps90.etl,2026-09-24 05:40:51.937064,1099,"258",8,748
g80sh-exp-ulps90.etl,2026-09-24 05:40:51.937069,1099,"259",8,749
g80sh-exp-ulps90.etl,2026-09-24 05:40:51.937076,1099,"260",10,750
g80sh-exp-ulps90.etl,2026-09-24 05:40:51.937083,1099,"261",8,751
g80sh-exp-ulps90.etl,2026-09-24 05:40:51.937088,1099,"262",8,752
g80sh-exp-ulps90.etl,2026-09-24 05:40:51.937092,1099,"263",8,753
g80sh-exp-ulps90.etl,2026-09-24 05:40:51.937097,1099,"264",8,754
g80sh-exp-ulps90.etl,2026-09-24 05:40:51.937106,1099,"265",10,755
g80sh-exp-ulps90.etl,2026-09-24 05:40:51.937113,1099,"266",8,756
g80sh-exp-ulps90.etl,2026-09-24 05:40:51.937114,1099,"0",0,0
g80sh-exp-ulps90.etl,2026-09-24 05:40:53.324616,1099,"260",8,757
g80sh-exp-ulps90.etl,2026-09-24 05:40:53.324740,1099,"260",10,758
g80sh-exp-ulps90.etl,2026-09-24 05:40:53.324834,220,"GPU",,
g80sh-exp-ulps90.etl,2026-09-24 05:40:53.349959,1099,"0",0,0
g80sh-exp-ulps90.etl,2026-09-24 05:40:53.363506,1010,"DISPLAY\SAM7B0C\7&16b8ddb4&0&UID260",,
g80sh-exp-ulps90.etl,2026-09-24 05:40:53.423888,1099,"0",0,0
g80sh-exp-ulps90.etl,2026-09-24 05:40:53.680551,1099,"260",8,759
g80sh-exp-ulps90.etl,2026-09-24 05:40:53.680665,1099,"0",0,0
g80sh-exp-ulps90.etl,2026-09-24 05:40:53.680739,220,"GPU",,
g80sh-exp-ulps90.etl,2026-09-24 05:40:53.722903,1010,"DISPLAY\Default_Monitor\7&16b8ddb4&0&UID260",,
g80sh-exp-ulps90.etl,2026-09-24 05:40:53.758369,1099,"0",0,0
g80sh-exp-ulps90.etl,2026-09-24 05:40:56.583263,1099,"260",10,760
g80sh-exp-ulps90.etl,2026-09-24 05:40:56.831566,1099,"0",0,0
g80sh-exp-ulps90.etl,2026-09-24 05:40:56.831628,220,"GPU",,
g80sh-exp-ulps90.etl,2026-09-24 05:40:56.859699,1099,"0",0,0
g80sh-exp-ulps90.etl,2026-09-24 05:41:35.340690,1099,"256",10,761
g80sh-exp-ulps90.etl,2026-09-24 05:41:35.340705,1099,"257",8,762
g80sh-exp-ulps90.etl,2026-09-24 05:41:35.340710,1099,"258",8,763
g80sh-exp-ulps90.etl,2026-09-24 05:41:35.340714,1099,"259",8,764
g80sh-exp-ulps90.etl,2026-09-24 05:41:35.340722,1099,"260",10,765
g80sh-exp-ulps90.etl,2026-09-24 05:41:35.340729,1099,"261",8,766
g80sh-exp-ulps90.etl,2026-09-24 05:41:35.340733,1099,"262",8,767
g80sh-exp-ulps90.etl,2026-09-24 05:41:35.340738,1099,"263",8,768
g80sh-exp-ulps90.etl,2026-09-24 05:41:35.340743,1099,"264",8,769
g80sh-exp-ulps90.etl,2026-09-24 05:41:35.340751,1099,"265",10,770
g80sh-exp-ulps90.etl,2026-09-24 05:41:35.340758,1099,"266",8,771
g80sh-exp-ulps90.etl,2026-09-24 05:41:35.340760,1099,"0",0,0
g80sh-exp-ulps90.etl,2026-09-24 05:41:36.748302,1099,"260",8,772
g80sh-exp-ulps90.etl,2026-09-24 05:41:36.748411,1099,"260",10,773
g80sh-exp-ulps90.etl,2026-09-24 05:41:36.748501,220,"GPU",,
g80sh-exp-ulps90.etl,2026-09-24 05:41:36.774823,1099,"0",0,0
g80sh-exp-ulps90.etl,2026-09-24 05:41:36.789653,1010,"DISPLAY\SAM7B0C\7&16b8ddb4&0&UID260",,
g80sh-exp-ulps90.etl,2026-09-24 05:41:36.848479,1099,"0",0,0
g80sh-exp-ulps90.etl,2026-09-24 05:41:36.953165,1099,"260",8,774
g80sh-exp-ulps90.etl,2026-09-24 05:41:36.953227,1099,"0",0,0
g80sh-exp-ulps90.etl,2026-09-24 05:41:36.953273,220,"GPU",,
g80sh-exp-ulps90.etl,2026-09-24 05:41:36.999120,1010,"DISPLAY\Default_Monitor\7&16b8ddb4&0&UID260",,
g80sh-exp-ulps90.etl,2026-09-24 05:41:37.083729,1099,"0",0,0
g80sh-exp-ulps90.etl,2026-09-24 05:41:40.275823,1099,"260",10,775
g80sh-exp-ulps90.etl,2026-09-24 05:41:40.505969,1099,"0",0,0
g80sh-exp-ulps90.etl,2026-09-24 05:41:40.506022,220,"GPU",,
g80sh-exp-ulps90.etl,2026-09-24 05:41:40.537042,1099,"0",0,0
g80sh-exp-ulps90.etl,2026-09-24 05:42:08.660821,1099,"256",10,776
g80sh-exp-ulps90.etl,2026-09-24 05:42:08.660836,1099,"257",8,777
g80sh-exp-ulps90.etl,2026-09-24 05:42:08.660842,1099,"258",8,778
g80sh-exp-ulps90.etl,2026-09-24 05:42:08.660846,1099,"259",8,779
g80sh-exp-ulps90.etl,2026-09-24 05:42:08.660854,1099,"260",10,780
g80sh-exp-ulps90.etl,2026-09-24 05:42:08.660861,1099,"261",8,781
g80sh-exp-ulps90.etl,2026-09-24 05:42:08.660865,1099,"262",8,782
g80sh-exp-ulps90.etl,2026-09-24 05:42:08.660870,1099,"263",8,783
g80sh-exp-ulps90.etl,2026-09-24 05:42:08.660875,1099,"264",8,784
g80sh-exp-ulps90.etl,2026-09-24 05:42:08.660883,1099,"265",10,785
g80sh-exp-ulps90.etl,2026-09-24 05:42:08.660890,1099,"266",8,786
g80sh-exp-ulps90.etl,2026-09-24 05:42:08.660892,1099,"0",0,0
g80sh-exp-ulps90.etl,2026-09-24 05:42:18.987525,1099,"256",10,787
g80sh-exp-ulps90.etl,2026-09-24 05:42:18.987540,1099,"257",8,788
g80sh-exp-ulps90.etl,2026-09-24 05:42:18.987545,1099,"258",8,789
g80sh-exp-ulps90.etl,2026-09-24 05:42:18.987550,1099,"259",8,790
g80sh-exp-ulps90.etl,2026-09-24 05:42:18.987557,1099,"260",10,791
g80sh-exp-ulps90.etl,2026-09-24 05:42:18.987565,1099,"261",8,792
g80sh-exp-ulps90.etl,2026-09-24 05:42:18.987570,1099,"262",8,793
g80sh-exp-ulps90.etl,2026-09-24 05:42:18.987575,1099,"263",8,794
g80sh-exp-ulps90.etl,2026-09-24 05:42:18.987580,1099,"264",8,795
g80sh-exp-ulps90.etl,2026-09-24 05:42:18.987588,1099,"265",10,796
g80sh-exp-ulps90.etl,2026-09-24 05:42:18.987595,1099,"266",8,797
g80sh-exp-ulps90.etl,2026-09-24 05:42:18.987597,1099,"0",0,0
g80sh-exp-ulps90.etl,2026-09-24 05:42:20.374596,1099,"260",8,798
g80sh-exp-ulps90.etl,2026-09-24 05:42:20.374705,1099,"260",10,799
g80sh-exp-ulps90.etl,2026-09-24 05:42:20.374816,220,"GPU",,
g80sh-exp-ulps90.etl,2026-09-24 05:42:20.401023,1099,"0",0,0
g80sh-exp-ulps90.etl,2026-09-24 05:42:20.416972,1010,"DISPLAY\SAM7B0C\7&16b8ddb4&0&UID260",,
g80sh-exp-ulps90.etl,2026-09-24 05:42:20.477491,1099,"0",0,0
g80sh-exp-ulps90.etl,2026-09-24 05:42:20.565315,1099,"260",8,800
g80sh-exp-ulps90.etl,2026-09-24 05:42:20.565372,1099,"0",0,0
g80sh-exp-ulps90.etl,2026-09-24 05:42:20.565425,220,"GPU",,
g80sh-exp-ulps90.etl,2026-09-24 05:42:20.610667,1010,"DISPLAY\Default_Monitor\7&16b8ddb4&0&UID260",,
g80sh-exp-ulps90.etl,2026-09-24 05:42:20.678338,1099,"0",0,0
g80sh-exp-ulps90.etl,2026-09-24 05:42:23.910583,1099,"260",10,801
g80sh-exp-ulps90.etl,2026-09-24 05:42:24.156891,1099,"0",0,0
g80sh-exp-ulps90.etl,2026-09-24 05:42:24.157004,220,"GPU",,
g80sh-exp-ulps90.etl,2026-09-24 05:42:24.185554,1099,"0",0,0
g80sh-exp-ulps90.etl,2026-09-24 05:43:06.833175,1099,"256",10,802
g80sh-exp-ulps90.etl,2026-09-24 05:43:06.833188,1099,"257",8,803
g80sh-exp-ulps90.etl,2026-09-24 05:43:06.833191,1099,"258",8,804
g80sh-exp-ulps90.etl,2026-09-24 05:43:06.833195,1099,"259",8,805
g80sh-exp-ulps90.etl,2026-09-24 05:43:06.833200,1099,"260",10,806
g80sh-exp-ulps90.etl,2026-09-24 05:43:06.833206,1099,"261",8,807
g80sh-exp-ulps90.etl,2026-09-24 05:43:06.833209,1099,"262",8,808
g80sh-exp-ulps90.etl,2026-09-24 05:43:06.833212,1099,"263",8,809
g80sh-exp-ulps90.etl,2026-09-24 05:43:06.833216,1099,"264",8,810
g80sh-exp-ulps90.etl,2026-09-24 05:43:06.833222,1099,"265",10,811
g80sh-exp-ulps90.etl,2026-09-24 05:43:06.833227,1099,"266",8,812
g80sh-exp-ulps90.etl,2026-09-24 05:43:06.833229,1099,"0",0,0
g80sh-exp-ulps90.etl,2026-09-24 05:43:08.225631,1099,"260",8,813
g80sh-exp-ulps90.etl,2026-09-24 05:43:08.225765,1099,"260",10,814
g80sh-exp-ulps90.etl,2026-09-24 05:43:08.225888,220,"GPU",,
g80sh-exp-ulps90.etl,2026-09-24 05:43:08.250839,1099,"0",0,0
g80sh-exp-ulps90.etl,2026-09-24 05:43:08.266823,1010,"DISPLAY\SAM7B0C\7&16b8ddb4&0&UID260",,
g80sh-exp-ulps90.etl,2026-09-24 05:43:08.326365,1099,"0",0,0
g80sh-exp-ulps90.etl,2026-09-24 05:43:08.435389,1099,"260",8,815
g80sh-exp-ulps90.etl,2026-09-24 05:43:08.435455,1099,"0",0,0
g80sh-exp-ulps90.etl,2026-09-24 05:43:08.435511,220,"GPU",,
g80sh-exp-ulps90.etl,2026-09-24 05:43:08.460409,1010,"DISPLAY\Default_Monitor\7&16b8ddb4&0&UID260",,
g80sh-exp-ulps90.etl,2026-09-24 05:43:08.546210,1099,"0",0,0
g80sh-exp-ulps90.etl,2026-09-24 05:43:11.761591,1099,"260",10,816
g80sh-exp-ulps90.etl,2026-09-24 05:43:11.994225,1099,"0",0,0
g80sh-exp-ulps90.etl,2026-09-24 05:43:11.994286,220,"GPU",,
g80sh-exp-ulps90.etl,2026-09-24 05:43:12.024324,1099,"0",0,0
g80sh-exp-ulps90.etl,2026-09-24 05:43:40.295404,1099,"256",10,817
g80sh-exp-ulps90.etl,2026-09-24 05:43:40.295418,1099,"257",8,818
g80sh-exp-ulps90.etl,2026-09-24 05:43:40.295422,1099,"258",8,819
g80sh-exp-ulps90.etl,2026-09-24 05:43:40.295425,1099,"259",8,820
g80sh-exp-ulps90.etl,2026-09-24 05:43:40.295431,1099,"260",10,821
g80sh-exp-ulps90.etl,2026-09-24 05:43:40.295436,1099,"261",8,822
g80sh-exp-ulps90.etl,2026-09-24 05:43:40.295439,1099,"262",8,823
g80sh-exp-ulps90.etl,2026-09-24 05:43:40.295443,1099,"263",8,824
g80sh-exp-ulps90.etl,2026-09-24 05:43:40.295446,1099,"264",8,825
g80sh-exp-ulps90.etl,2026-09-24 05:43:40.295453,1099,"265",10,826
g80sh-exp-ulps90.etl,2026-09-24 05:43:40.295458,1099,"266",8,827
g80sh-exp-ulps90.etl,2026-09-24 05:43:40.295460,1099,"0",0,0
g80sh-exp-ulps90.etl,2026-09-24 05:43:50.625601,1099,"256",10,828
g80sh-exp-ulps90.etl,2026-09-24 05:43:50.625617,1099,"257",8,829
g80sh-exp-ulps90.etl,2026-09-24 05:43:50.625622,1099,"258",8,830
g80sh-exp-ulps90.etl,2026-09-24 05:43:50.625626,1099,"259",8,831
g80sh-exp-ulps90.etl,2026-09-24 05:43:50.625634,1099,"260",10,832
g80sh-exp-ulps90.etl,2026-09-24 05:43:50.625641,1099,"261",8,833
g80sh-exp-ulps90.etl,2026-09-24 05:43:50.625646,1099,"262",8,834
g80sh-exp-ulps90.etl,2026-09-24 05:43:50.625650,1099,"263",8,835
g80sh-exp-ulps90.etl,2026-09-24 05:43:50.625655,1099,"264",8,836
g80sh-exp-ulps90.etl,2026-09-24 05:43:50.625663,1099,"265",10,837
g80sh-exp-ulps90.etl,2026-09-24 05:43:50.625670,1099,"266",8,838
g80sh-exp-ulps90.etl,2026-09-24 05:43:50.625672,1099,"0",0,0
g80sh-exp-ulps90.etl,2026-09-24 05:43:52.007792,1099,"260",8,839
g80sh-exp-ulps90.etl,2026-09-24 05:43:52.007908,1099,"260",10,840
g80sh-exp-ulps90.etl,2026-09-24 05:43:52.007958,220,"GPU",,
g80sh-exp-ulps90.etl,2026-09-24 05:43:52.034749,1099,"0",0,0
g80sh-exp-ulps90.etl,2026-09-24 05:43:52.046356,1010,"DISPLAY\SAM7B0C\7&16b8ddb4&0&UID260",,
g80sh-exp-ulps90.etl,2026-09-24 05:43:52.107118,1099,"0",0,0
g80sh-exp-ulps90.etl,2026-09-24 05:43:52.236432,1099,"260",8,841
g80sh-exp-ulps90.etl,2026-09-24 05:43:52.236493,1099,"0",0,0
g80sh-exp-ulps90.etl,2026-09-24 05:43:52.236545,220,"GPU",,
g80sh-exp-ulps90.etl,2026-09-24 05:43:52.290770,1010,"DISPLAY\Default_Monitor\7&16b8ddb4&0&UID260",,
g80sh-exp-ulps90.etl,2026-09-24 05:43:52.358598,1099,"0",0,0
g80sh-exp-ulps90.etl,2026-09-24 05:43:55.562961,1099,"260",10,842
g80sh-exp-ulps90.etl,2026-09-24 05:43:55.809226,1099,"0",0,0
g80sh-exp-ulps90.etl,2026-09-24 05:43:55.809309,220,"GPU",,
g80sh-exp-ulps90.etl,2026-09-24 05:43:55.843694,1099,"0",0,0
g80sh-exp-ulps90.etl,2026-09-24 05:44:35.263120,1099,"256",10,843
g80sh-exp-ulps90.etl,2026-09-24 05:44:35.263141,1099,"257",8,844
g80sh-exp-ulps90.etl,2026-09-24 05:44:35.263148,1099,"258",8,845
g80sh-exp-ulps90.etl,2026-09-24 05:44:35.263154,1099,"259",8,846
g80sh-exp-ulps90.etl,2026-09-24 05:44:35.263163,1099,"260",10,847
g80sh-exp-ulps90.etl,2026-09-24 05:44:35.263172,1099,"261",8,848
g80sh-exp-ulps90.etl,2026-09-24 05:44:35.263178,1099,"262",8,849
g80sh-exp-ulps90.etl,2026-09-24 05:44:35.263183,1099,"263",8,850
g80sh-exp-ulps90.etl,2026-09-24 05:44:35.263189,1099,"264",8,851
g80sh-exp-ulps90.etl,2026-09-24 05:44:35.263200,1099,"265",10,852
g80sh-exp-ulps90.etl,2026-09-24 05:44:35.263209,1099,"266",8,853
g80sh-exp-ulps90.etl,2026-09-24 05:44:35.263212,1099,"0",0,0
g80sh-exp-ulps90.etl,2026-09-24 05:44:36.674893,1099,"260",8,854
g80sh-exp-ulps90.etl,2026-09-24 05:44:36.675005,1099,"260",10,855
g80sh-exp-ulps90.etl,2026-09-24 05:44:36.675073,220,"GPU",,
g80sh-exp-ulps90.etl,2026-09-24 05:44:36.701532,1099,"0",0,0
g80sh-exp-ulps90.etl,2026-09-24 05:44:36.715087,1010,"DISPLAY\SAM7B0C\7&16b8ddb4&0&UID260",,
g80sh-exp-ulps90.etl,2026-09-24 05:44:36.774251,1099,"0",0,0
g80sh-exp-ulps90.etl,2026-09-24 05:44:36.881784,1099,"260",8,856
g80sh-exp-ulps90.etl,2026-09-24 05:44:36.881845,1099,"0",0,0
g80sh-exp-ulps90.etl,2026-09-24 05:44:36.881900,220,"GPU",,
g80sh-exp-ulps90.etl,2026-09-24 05:44:36.925392,1010,"DISPLAY\Default_Monitor\7&16b8ddb4&0&UID260",,
g80sh-exp-ulps90.etl,2026-09-24 05:44:37.010091,1099,"0",0,0
g80sh-exp-ulps90.etl,2026-09-24 05:44:39.797233,1099,"260",10,857
g80sh-exp-ulps90.etl,2026-09-24 05:44:40.047681,1099,"0",0,0
g80sh-exp-ulps90.etl,2026-09-24 05:44:40.047731,220,"GPU",,
g80sh-exp-ulps90.etl,2026-09-24 05:44:40.076164,1099,"0",0,0
g80sh-exp-ulps90.etl,2026-09-24 05:45:08.860720,1099,"256",10,858
g80sh-exp-ulps90.etl,2026-09-24 05:45:08.860736,1099,"257",8,859
g80sh-exp-ulps90.etl,2026-09-24 05:45:08.860741,1099,"258",8,860
g80sh-exp-ulps90.etl,2026-09-24 05:45:08.860746,1099,"259",8,861
g80sh-exp-ulps90.etl,2026-09-24 05:45:08.860753,1099,"260",10,862
g80sh-exp-ulps90.etl,2026-09-24 05:45:08.860760,1099,"261",8,863
g80sh-exp-ulps90.etl,2026-09-24 05:45:08.860765,1099,"262",8,864
g80sh-exp-ulps90.etl,2026-09-24 05:45:08.860770,1099,"263",8,865
g80sh-exp-ulps90.etl,2026-09-24 05:45:08.860775,1099,"264",8,866
g80sh-exp-ulps90.etl,2026-09-24 05:45:08.860783,1099,"265",10,867
g80sh-exp-ulps90.etl,2026-09-24 05:45:08.860790,1099,"266",8,868
g80sh-exp-ulps90.etl,2026-09-24 05:45:08.860792,1099,"0",0,0
g80sh-exp-ulps90.etl,2026-09-24 05:45:19.190330,1099,"256",10,869
g80sh-exp-ulps90.etl,2026-09-24 05:45:19.190346,1099,"257",8,870
g80sh-exp-ulps90.etl,2026-09-24 05:45:19.190351,1099,"258",8,871
g80sh-exp-ulps90.etl,2026-09-24 05:45:19.190356,1099,"259",8,872
g80sh-exp-ulps90.etl,2026-09-24 05:45:19.190364,1099,"260",10,873
g80sh-exp-ulps90.etl,2026-09-24 05:45:19.190371,1099,"261",8,874
g80sh-exp-ulps90.etl,2026-09-24 05:45:19.190375,1099,"262",8,875
g80sh-exp-ulps90.etl,2026-09-24 05:45:19.190380,1099,"263",8,876
g80sh-exp-ulps90.etl,2026-09-24 05:45:19.190385,1099,"264",8,877
g80sh-exp-ulps90.etl,2026-09-24 05:45:19.190393,1099,"265",10,878
g80sh-exp-ulps90.etl,2026-09-24 05:45:19.190401,1099,"266",8,879
g80sh-exp-ulps90.etl,2026-09-24 05:45:19.190402,1099,"0",0,0
g80sh-exp-ulps90.etl,2026-09-24 05:45:20.581822,1099,"260",8,880
g80sh-exp-ulps90.etl,2026-09-24 05:45:20.581966,1099,"260",10,881
g80sh-exp-ulps90.etl,2026-09-24 05:45:20.582029,220,"GPU",,
g80sh-exp-ulps90.etl,2026-09-24 05:45:20.611228,1099,"0",0,0
g80sh-exp-ulps90.etl,2026-09-24 05:45:20.623384,1010,"DISPLAY\SAM7B0C\7&16b8ddb4&0&UID260",,
g80sh-exp-ulps90.etl,2026-09-24 05:45:20.686783,1099,"0",0,0
g80sh-exp-ulps90.etl,2026-09-24 05:45:20.800676,1099,"260",8,882
g80sh-exp-ulps90.etl,2026-09-24 05:45:20.800742,1099,"0",0,0
g80sh-exp-ulps90.etl,2026-09-24 05:45:20.800794,220,"GPU",,
g80sh-exp-ulps90.etl,2026-09-24 05:45:20.835707,1010,"DISPLAY\Default_Monitor\7&16b8ddb4&0&UID260",,
g80sh-exp-ulps90.etl,2026-09-24 05:45:20.887289,1099,"0",0,0
g80sh-exp-ulps90.etl,2026-09-24 05:45:24.106437,1099,"260",10,883
g80sh-exp-ulps90.etl,2026-09-24 05:45:24.337821,1099,"0",0,0
g80sh-exp-ulps90.etl,2026-09-24 05:45:24.337865,220,"GPU",,
g80sh-exp-ulps90.etl,2026-09-24 05:45:24.368795,1099,"0",0,0
g80sh-exp-ulps90.etl,2026-09-24 05:46:06.813896,1099,"256",10,884
g80sh-exp-ulps90.etl,2026-09-24 05:46:06.813911,1099,"257",8,885
g80sh-exp-ulps90.etl,2026-09-24 05:46:06.813916,1099,"258",8,886
g80sh-exp-ulps90.etl,2026-09-24 05:46:06.813921,1099,"259",8,887
g80sh-exp-ulps90.etl,2026-09-24 05:46:06.813928,1099,"260",10,888
g80sh-exp-ulps90.etl,2026-09-24 05:46:06.813935,1099,"261",8,889
g80sh-exp-ulps90.etl,2026-09-24 05:46:06.813940,1099,"262",8,890
g80sh-exp-ulps90.etl,2026-09-24 05:46:06.813944,1099,"263",8,891
g80sh-exp-ulps90.etl,2026-09-24 05:46:06.813949,1099,"264",8,892
g80sh-exp-ulps90.etl,2026-09-24 05:46:06.813957,1099,"265",10,893
g80sh-exp-ulps90.etl,2026-09-24 05:46:06.813964,1099,"266",8,894
g80sh-exp-ulps90.etl,2026-09-24 05:46:06.813966,1099,"0",0,0
g80sh-exp-ulps90.etl,2026-09-24 05:46:08.201739,1099,"260",8,895
g80sh-exp-ulps90.etl,2026-09-24 05:46:08.201868,1099,"260",10,896
g80sh-exp-ulps90.etl,2026-09-24 05:46:08.201925,220,"GPU",,
g80sh-exp-ulps90.etl,2026-09-24 05:46:08.230257,1099,"0",0,0
g80sh-exp-ulps90.etl,2026-09-24 05:46:08.242329,1010,"DISPLAY\SAM7B0C\7&16b8ddb4&0&UID260",,
g80sh-exp-ulps90.etl,2026-09-24 05:46:08.303559,1099,"0",0,0
g80sh-exp-ulps90.etl,2026-09-24 05:46:08.567748,1099,"260",8,897
g80sh-exp-ulps90.etl,2026-09-24 05:46:08.567822,1099,"0",0,0
g80sh-exp-ulps90.etl,2026-09-24 05:46:08.567921,220,"GPU",,
g80sh-exp-ulps90.etl,2026-09-24 05:46:08.619513,1010,"DISPLAY\Default_Monitor\7&16b8ddb4&0&UID260",,
g80sh-exp-ulps90.etl,2026-09-24 05:46:08.655280,1099,"0",0,0
g80sh-exp-ulps90.etl,2026-09-24 05:46:11.897443,1099,"260",10,898
g80sh-exp-ulps90.etl,2026-09-24 05:46:12.145493,1099,"0",0,0
g80sh-exp-ulps90.etl,2026-09-24 05:46:12.145566,220,"GPU",,
g80sh-exp-ulps90.etl,2026-09-24 05:46:12.173365,1099,"0",0,0
g80sh-exp-ulps90.etl,2026-09-24 05:46:41.640002,1099,"256",10,899
g80sh-exp-ulps90.etl,2026-09-24 05:46:41.640017,1099,"257",8,900
g80sh-exp-ulps90.etl,2026-09-24 05:46:41.640020,1099,"258",8,901
g80sh-exp-ulps90.etl,2026-09-24 05:46:41.640024,1099,"259",8,902
g80sh-exp-ulps90.etl,2026-09-24 05:46:41.640029,1099,"260",10,903
g80sh-exp-ulps90.etl,2026-09-24 05:46:41.640034,1099,"261",8,904
g80sh-exp-ulps90.etl,2026-09-24 05:46:41.640037,1099,"262",8,905
g80sh-exp-ulps90.etl,2026-09-24 05:46:41.640041,1099,"263",8,906
g80sh-exp-ulps90.etl,2026-09-24 05:46:41.640044,1099,"264",8,907
g80sh-exp-ulps90.etl,2026-09-24 05:46:41.640051,1099,"265",10,908
g80sh-exp-ulps90.etl,2026-09-24 05:46:41.640056,1099,"266",8,909
g80sh-exp-ulps90.etl,2026-09-24 05:46:41.640058,1099,"0",0,0
g80sh-exp-ulps90.etl,2026-09-24 05:46:51.916206,1099,"256",10,910
g80sh-exp-ulps90.etl,2026-09-24 05:46:51.916221,1099,"257",8,911
g80sh-exp-ulps90.etl,2026-09-24 05:46:51.916226,1099,"258",8,912
g80sh-exp-ulps90.etl,2026-09-24 05:46:51.916230,1099,"259",8,913
g80sh-exp-ulps90.etl,2026-09-24 05:46:51.916238,1099,"260",10,914
g80sh-exp-ulps90.etl,2026-09-24 05:46:51.916245,1099,"261",8,915
g80sh-exp-ulps90.etl,2026-09-24 05:46:51.916250,1099,"262",8,916
g80sh-exp-ulps90.etl,2026-09-24 05:46:51.916254,1099,"263",8,917
g80sh-exp-ulps90.etl,2026-09-24 05:46:51.916259,1099,"264",8,918
g80sh-exp-ulps90.etl,2026-09-24 05:46:51.916267,1099,"265",10,919
g80sh-exp-ulps90.etl,2026-09-24 05:46:51.916274,1099,"266",8,920
g80sh-exp-ulps90.etl,2026-09-24 05:46:51.916276,1099,"0",0,0
g80sh-exp-ulps90.etl,2026-09-24 05:46:53.316294,1099,"260",8,921
g80sh-exp-ulps90.etl,2026-09-24 05:46:53.316414,1099,"260",10,922
g80sh-exp-ulps90.etl,2026-09-24 05:46:53.316497,220,"GPU",,
g80sh-exp-ulps90.etl,2026-09-24 05:46:53.341542,1099,"0",0,0
g80sh-exp-ulps90.etl,2026-09-24 05:46:53.355907,1010,"DISPLAY\SAM7B0C\7&16b8ddb4&0&UID260",,
g80sh-exp-ulps90.etl,2026-09-24 05:46:53.415009,1099,"0",0,0
g80sh-exp-ulps90.etl,2026-09-24 05:46:53.519950,1099,"260",8,923
g80sh-exp-ulps90.etl,2026-09-24 05:46:53.520005,1099,"0",0,0
g80sh-exp-ulps90.etl,2026-09-24 05:46:53.520061,220,"GPU",,
g80sh-exp-ulps90.etl,2026-09-24 05:46:53.565902,1010,"DISPLAY\Default_Monitor\7&16b8ddb4&0&UID260",,
g80sh-exp-ulps90.etl,2026-09-24 05:46:53.649633,1099,"0",0,0
g80sh-exp-ulps90.etl,2026-09-24 05:46:56.859724,1099,"260",10,924
g80sh-exp-ulps90.etl,2026-09-24 05:46:57.091414,1099,"0",0,0
g80sh-exp-ulps90.etl,2026-09-24 05:46:57.091478,220,"GPU",,
g80sh-exp-ulps90.etl,2026-09-24 05:46:57.117789,1099,"0",0,0
g80sh-exp-ulps90.etl,2026-09-24 05:47:35.319005,1099,"256",10,925
g80sh-exp-ulps90.etl,2026-09-24 05:47:35.319019,1099,"257",8,926
g80sh-exp-ulps90.etl,2026-09-24 05:47:35.319023,1099,"258",8,927
g80sh-exp-ulps90.etl,2026-09-24 05:47:35.319026,1099,"259",8,928
g80sh-exp-ulps90.etl,2026-09-24 05:47:35.319032,1099,"260",10,929
g80sh-exp-ulps90.etl,2026-09-24 05:47:35.319037,1099,"261",8,930
g80sh-exp-ulps90.etl,2026-09-24 05:47:35.319041,1099,"262",8,931
g80sh-exp-ulps90.etl,2026-09-24 05:47:35.319044,1099,"263",8,932
g80sh-exp-ulps90.etl,2026-09-24 05:47:35.319048,1099,"264",8,933
g80sh-exp-ulps90.etl,2026-09-24 05:47:35.319054,1099,"265",10,934
g80sh-exp-ulps90.etl,2026-09-24 05:47:35.319059,1099,"266",8,935
g80sh-exp-ulps90.etl,2026-09-24 05:47:35.319061,1099,"0",0,0
g80sh-exp-ulps90.etl,2026-09-24 05:47:36.713606,1099,"260",8,936
g80sh-exp-ulps90.etl,2026-09-24 05:47:36.713738,1099,"260",10,937
g80sh-exp-ulps90.etl,2026-09-24 05:47:36.713853,220,"GPU",,
g80sh-exp-ulps90.etl,2026-09-24 05:47:36.740559,1099,"0",0,0
g80sh-exp-ulps90.etl,2026-09-24 05:47:36.755978,1010,"DISPLAY\SAM7B0C\7&16b8ddb4&0&UID260",,
g80sh-exp-ulps90.etl,2026-09-24 05:47:36.813310,1099,"0",0,0
g80sh-exp-ulps90.etl,2026-09-24 05:47:36.913014,1099,"260",8,938
g80sh-exp-ulps90.etl,2026-09-24 05:47:36.913072,1099,"0",0,0
g80sh-exp-ulps90.etl,2026-09-24 05:47:36.913150,220,"GPU",,
g80sh-exp-ulps90.etl,2026-09-24 05:47:36.965438,1010,"DISPLAY\Default_Monitor\7&16b8ddb4&0&UID260",,
g80sh-exp-ulps90.etl,2026-09-24 05:47:37.031814,1099,"0",0,0
g80sh-exp-ulps90.etl,2026-09-24 05:47:40.234567,1099,"260",10,939
g80sh-exp-ulps90.etl,2026-09-24 05:47:40.483344,1099,"0",0,0
g80sh-exp-ulps90.etl,2026-09-24 05:47:40.483399,220,"GPU",,
g80sh-exp-ulps90.etl,2026-09-24 05:47:40.514091,1099,"0",0,0
g80sh-exp-ulps90.etl,2026-09-24 05:48:08.754716,1099,"256",10,940
g80sh-exp-ulps90.etl,2026-09-24 05:48:08.754732,1099,"257",8,941
g80sh-exp-ulps90.etl,2026-09-24 05:48:08.754737,1099,"258",8,942
g80sh-exp-ulps90.etl,2026-09-24 05:48:08.754742,1099,"259",8,943
g80sh-exp-ulps90.etl,2026-09-24 05:48:08.754749,1099,"260",10,944
g80sh-exp-ulps90.etl,2026-09-24 05:48:08.754756,1099,"261",8,945
g80sh-exp-ulps90.etl,2026-09-24 05:48:08.754760,1099,"262",8,946
g80sh-exp-ulps90.etl,2026-09-24 05:48:08.754765,1099,"263",8,947
g80sh-exp-ulps90.etl,2026-09-24 05:48:08.754770,1099,"264",8,948
g80sh-exp-ulps90.etl,2026-09-24 05:48:08.754778,1099,"265",10,949
g80sh-exp-ulps90.etl,2026-09-24 05:48:08.754785,1099,"266",8,950
g80sh-exp-ulps90.etl,2026-09-24 05:48:08.754787,1099,"0",0,0
g80sh-exp-ulps90.etl,2026-09-24 05:48:19.074704,1099,"256",10,951
g80sh-exp-ulps90.etl,2026-09-24 05:48:19.074720,1099,"257",8,952
g80sh-exp-ulps90.etl,2026-09-24 05:48:19.074725,1099,"258",8,953
g80sh-exp-ulps90.etl,2026-09-24 05:48:19.074730,1099,"259",8,954
g80sh-exp-ulps90.etl,2026-09-24 05:48:19.074737,1099,"260",10,955
g80sh-exp-ulps90.etl,2026-09-24 05:48:19.074744,1099,"261",8,956
g80sh-exp-ulps90.etl,2026-09-24 05:48:19.074749,1099,"262",8,957
g80sh-exp-ulps90.etl,2026-09-24 05:48:19.074753,1099,"263",8,958
g80sh-exp-ulps90.etl,2026-09-24 05:48:19.074758,1099,"264",8,959
g80sh-exp-ulps90.etl,2026-09-24 05:48:19.074767,1099,"265",10,960
g80sh-exp-ulps90.etl,2026-09-24 05:48:19.074774,1099,"266",8,961
g80sh-exp-ulps90.etl,2026-09-24 05:48:19.074776,1099,"0",0,0
g80sh-exp-ulps90.etl,2026-09-24 05:48:20.473995,1099,"260",8,962
g80sh-exp-ulps90.etl,2026-09-24 05:48:20.474107,1099,"260",10,963
g80sh-exp-ulps90.etl,2026-09-24 05:48:20.474211,220,"GPU",,
g80sh-exp-ulps90.etl,2026-09-24 05:48:20.500310,1099,"0",0,0
g80sh-exp-ulps90.etl,2026-09-24 05:48:20.514934,1010,"DISPLAY\SAM7B0C\7&16b8ddb4&0&UID260",,
g80sh-exp-ulps90.etl,2026-09-24 05:48:20.574799,1099,"0",0,0
g80sh-exp-ulps90.etl,2026-09-24 05:48:20.838649,1099,"260",8,964
g80sh-exp-ulps90.etl,2026-09-24 05:48:20.838716,1099,"0",0,0
g80sh-exp-ulps90.etl,2026-09-24 05:48:20.838781,220,"GPU",,
g80sh-exp-ulps90.etl,2026-09-24 05:48:20.892275,1010,"DISPLAY\Default_Monitor\7&16b8ddb4&0&UID260",,
g80sh-exp-ulps90.etl,2026-09-24 05:48:20.926552,1099,"0",0,0
g80sh-exp-ulps90.etl,2026-09-24 05:48:24.154776,1099,"260",10,965
g80sh-exp-ulps90.etl,2026-09-24 05:48:24.386653,1099,"0",0,0
g80sh-exp-ulps90.etl,2026-09-24 05:48:24.386750,220,"GPU",,
g80sh-exp-ulps90.etl,2026-09-24 05:48:24.416848,1099,"0",0,0
g80sh-exp-ulps90.etl,2026-09-24 05:49:06.869181,1099,"256",10,966
g80sh-exp-ulps90.etl,2026-09-24 05:49:06.869195,1099,"257",8,967
g80sh-exp-ulps90.etl,2026-09-24 05:49:06.869199,1099,"258",8,968
g80sh-exp-ulps90.etl,2026-09-24 05:49:06.869202,1099,"259",8,969
g80sh-exp-ulps90.etl,2026-09-24 05:49:06.869208,1099,"260",10,970
g80sh-exp-ulps90.etl,2026-09-24 05:49:06.869213,1099,"261",8,971
g80sh-exp-ulps90.etl,2026-09-24 05:49:06.869216,1099,"262",8,972
g80sh-exp-ulps90.etl,2026-09-24 05:49:06.869220,1099,"263",8,973
g80sh-exp-ulps90.etl,2026-09-24 05:49:06.869223,1099,"264",8,974
g80sh-exp-ulps90.etl,2026-09-24 05:49:06.869230,1099,"265",10,975
g80sh-exp-ulps90.etl,2026-09-24 05:49:06.869236,1099,"266",8,976
g80sh-exp-ulps90.etl,2026-09-24 05:49:06.869237,1099,"0",0,0
g80sh-exp-ulps90.etl,2026-09-24 05:49:08.270545,1099,"260",8,977
g80sh-exp-ulps90.etl,2026-09-24 05:49:08.270657,1099,"260",10,978
g80sh-exp-ulps90.etl,2026-09-24 05:49:08.270713,220,"GPU",,
g80sh-exp-ulps90.etl,2026-09-24 05:49:08.296885,1099,"0",0,0
g80sh-exp-ulps90.etl,2026-09-24 05:49:08.313301,1010,"DISPLAY\SAM7B0C\7&16b8ddb4&0&UID260",,
g80sh-exp-ulps90.etl,2026-09-24 05:49:08.371356,1099,"0",0,0
g80sh-exp-ulps90.etl,2026-09-24 05:49:08.494458,1099,"260",8,979
g80sh-exp-ulps90.etl,2026-09-24 05:49:08.494532,1099,"0",0,0
g80sh-exp-ulps90.etl,2026-09-24 05:49:08.494601,220,"GPU",,
g80sh-exp-ulps90.etl,2026-09-24 05:49:08.521566,1010,"DISPLAY\Default_Monitor\7&16b8ddb4&0&UID260",,
g80sh-exp-ulps90.etl,2026-09-24 05:49:08.623200,1099,"0",0,0
g80sh-exp-ulps90.etl,2026-09-24 05:49:11.794727,1099,"260",10,980
g80sh-exp-ulps90.etl,2026-09-24 05:49:12.024354,1099,"0",0,0
g80sh-exp-ulps90.etl,2026-09-24 05:49:12.024409,220,"GPU",,
g80sh-exp-ulps90.etl,2026-09-24 05:49:12.058378,1099,"0",0,0
g80sh-exp-ulps90.etl,2026-09-24 05:49:41.200927,1099,"256",10,981
g80sh-exp-ulps90.etl,2026-09-24 05:49:41.200942,1099,"257",8,982
g80sh-exp-ulps90.etl,2026-09-24 05:49:41.200947,1099,"258",8,983
g80sh-exp-ulps90.etl,2026-09-24 05:49:41.200952,1099,"259",8,984
g80sh-exp-ulps90.etl,2026-09-24 05:49:41.200959,1099,"260",10,985
g80sh-exp-ulps90.etl,2026-09-24 05:49:41.200966,1099,"261",8,986
g80sh-exp-ulps90.etl,2026-09-24 05:49:41.200971,1099,"262",8,987
g80sh-exp-ulps90.etl,2026-09-24 05:49:41.200975,1099,"263",8,988
g80sh-exp-ulps90.etl,2026-09-24 05:49:41.200980,1099,"264",8,989
g80sh-exp-ulps90.etl,2026-09-24 05:49:41.200989,1099,"265",10,990
g80sh-exp-ulps90.etl,2026-09-24 05:49:41.200996,1099,"266",8,991
g80sh-exp-ulps90.etl,2026-09-24 05:49:41.200997,1099,"0",0,0
g80sh-exp-ulps90.etl,2026-09-24 05:49:51.559115,1099,"256",10,992
g80sh-exp-ulps90.etl,2026-09-24 05:49:51.559130,1099,"257",8,993
g80sh-exp-ulps90.etl,2026-09-24 05:49:51.559135,1099,"258",8,994
g80sh-exp-ulps90.etl,2026-09-24 05:49:51.559140,1099,"259",8,995
g80sh-exp-ulps90.etl,2026-09-24 05:49:51.559147,1099,"260",10,996
g80sh-exp-ulps90.etl,2026-09-24 05:49:51.559193,1099,"261",8,997
g80sh-exp-ulps90.etl,2026-09-24 05:49:51.559198,1099,"262",8,998
g80sh-exp-ulps90.etl,2026-09-24 05:49:51.559203,1099,"263",8,999
g80sh-exp-ulps90.etl,2026-09-24 05:49:51.559208,1099,"264",8,1000
g80sh-exp-ulps90.etl,2026-09-24 05:49:51.559216,1099,"265",10,1001
g80sh-exp-ulps90.etl,2026-09-24 05:49:51.559223,1099,"266",8,1002
g80sh-exp-ulps90.etl,2026-09-24 05:49:51.559225,1099,"0",0,0
g80sh-exp-ulps90.etl,2026-09-24 05:49:52.959128,1099,"260",8,1003
g80sh-exp-ulps90.etl,2026-09-24 05:49:52.959241,1099,"260",10,1004
g80sh-exp-ulps90.etl,2026-09-24 05:49:52.959341,220,"GPU",,
g80sh-exp-ulps90.etl,2026-09-24 05:49:52.986242,1099,"0",0,0
g80sh-exp-ulps90.etl,2026-09-24 05:49:52.998150,1010,"DISPLAY\SAM7B0C\7&16b8ddb4&0&UID260",,
g80sh-exp-ulps90.etl,2026-09-24 05:49:53.059865,1099,"0",0,0
g80sh-exp-ulps90.etl,2026-09-24 05:49:53.157168,1099,"260",8,1005
g80sh-exp-ulps90.etl,2026-09-24 05:49:53.157232,1099,"0",0,0
g80sh-exp-ulps90.etl,2026-09-24 05:49:53.157285,220,"GPU",,
g80sh-exp-ulps90.etl,2026-09-24 05:49:53.210131,1010,"DISPLAY\Default_Monitor\7&16b8ddb4&0&UID260",,
g80sh-exp-ulps90.etl,2026-09-24 05:49:53.293767,1099,"0",0,0
g80sh-exp-ulps90.etl,2026-09-24 05:49:56.065370,1099,"260",10,1006
g80sh-exp-ulps90.etl,2026-09-24 05:49:56.311902,1099,"0",0,0
g80sh-exp-ulps90.etl,2026-09-24 05:49:56.311989,220,"GPU",,
g80sh-exp-ulps90.etl,2026-09-24 05:49:56.343758,1099,"0",0,0
g80sh-exp-ulps90.etl,2026-09-24 05:50:38.704489,1099,"256",10,1007
g80sh-exp-ulps90.etl,2026-09-24 05:50:38.704505,1099,"257",8,1008
g80sh-exp-ulps90.etl,2026-09-24 05:50:38.704510,1099,"258",8,1009
g80sh-exp-ulps90.etl,2026-09-24 05:50:38.704515,1099,"259",8,1010
g80sh-exp-ulps90.etl,2026-09-24 05:50:38.704522,1099,"260",10,1011
g80sh-exp-ulps90.etl,2026-09-24 05:50:38.704529,1099,"261",8,1012
g80sh-exp-ulps90.etl,2026-09-24 05:50:38.704534,1099,"262",8,1013
g80sh-exp-ulps90.etl,2026-09-24 05:50:38.704539,1099,"263",8,1014
g80sh-exp-ulps90.etl,2026-09-24 05:50:38.704544,1099,"264",8,1015
g80sh-exp-ulps90.etl,2026-09-24 05:50:38.704552,1099,"265",10,1016
g80sh-exp-ulps90.etl,2026-09-24 05:50:38.704559,1099,"266",8,1017
g80sh-exp-ulps90.etl,2026-09-24 05:50:38.704561,1099,"0",0,0
g80sh-exp-ulps90.etl,2026-09-24 05:50:40.093729,1099,"260",8,1018
g80sh-exp-ulps90.etl,2026-09-24 05:50:40.093854,1099,"260",10,1019
g80sh-exp-ulps90.etl,2026-09-24 05:50:40.093908,220,"GPU",,
g80sh-exp-ulps90.etl,2026-09-24 05:50:40.119876,1099,"0",0,0
g80sh-exp-ulps90.etl,2026-09-24 05:50:40.131334,1010,"DISPLAY\SAM7B0C\7&16b8ddb4&0&UID260",,
g80sh-exp-ulps90.etl,2026-09-24 05:50:40.189580,1099,"0",0,0
g80sh-exp-ulps90.etl,2026-09-24 05:50:40.459514,1099,"260",8,1020
g80sh-exp-ulps90.etl,2026-09-24 05:50:40.459607,1099,"0",0,0
g80sh-exp-ulps90.etl,2026-09-24 05:50:40.459658,220,"GPU",,
g80sh-exp-ulps90.etl,2026-09-24 05:50:40.506548,1010,"DISPLAY\Default_Monitor\7&16b8ddb4&0&UID260",,
g80sh-exp-ulps90.etl,2026-09-24 05:50:40.542484,1099,"0",0,0
g80sh-exp-ulps90.etl,2026-09-24 05:50:43.365581,1099,"260",10,1021
g80sh-exp-ulps90.etl,2026-09-24 05:50:43.612066,1099,"0",0,0
g80sh-exp-ulps90.etl,2026-09-24 05:50:43.612129,220,"GPU",,
g80sh-exp-ulps90.etl,2026-09-24 05:50:43.639547,1099,"0",0,0
